Workbook

Sheet Weights
A1: Weights: what Stata exported for this run
A2: Every number on this sheet is read from the manifest and the table sheets of the export; nothing is recalculated here (see Notes).
A4: Run
A5: Run id | B5: =IFERROR(INDEX(manifest!$B:$B,MATCH("run_id",manifest!$A:$A,0)),"not in this export")
A6: Workflow | B6: =IFERROR(INDEX(manifest!$B:$B,MATCH("workflow",manifest!$A:$A,0)),"not in this export")
A7: Step | B7: =IFERROR(INDEX(manifest!$B:$B,MATCH("step",manifest!$A:$A,0)),"not in this export")
A8: Started | B8: =IFERROR(INDEX(manifest!$B:$B,MATCH("started",manifest!$A:$A,0)),"not in this export")
A9: Finished | B9: =IFERROR(INDEX(manifest!$B:$B,MATCH("finished",manifest!$A:$A,0)),"not in this export")
A10: Status | B10: =IFERROR(INDEX(manifest!$B:$B,MATCH("status",manifest!$A:$A,0)),"not in this export")
A11: Source (ado or do-file) | B11: =IFERROR(INDEX(manifest!$B:$B,MATCH("source",manifest!$A:$A,0)),"not in this export")
A12: Software | B12: =IFERROR(INDEX(manifest!$B:$B,MATCH("software",manifest!$A:$A,0)),"not in this export")
A13: Input file | B13: =IFERROR(INDEX(manifest!$B:$B,MATCH("input_file",manifest!$A:$A,0)),"not in this export")
A14: Input rows | B14: =IFERROR(INDEX(manifest!$B:$B,MATCH("input_rows",manifest!$A:$A,0)),"not in this export")
A15: Command | B15: =IFERROR(INDEX(manifest!$B:$B,MATCH("command",manifest!$A:$A,0)),"not in this export")
A17: Settings (as recorded by Stata, with the source of the default)
A18: Method | B18: =IFERROR(INDEX(manifest!$B:$B,MATCH("setting_method",manifest!$A:$A,0)),"not in this export")
A19: Method source | B19: =IFERROR(INDEX(manifest!$B:$B,MATCH("source_method",manifest!$A:$A,0)),"not in this export")
A20: Covariates | B20: =IFERROR(INDEX(manifest!$B:$B,MATCH("setting_covariates",manifest!$A:$A,0)),"not in this export")
A21: Classes | B21: =IFERROR(INDEX(manifest!$B:$B,MATCH("setting_classes",manifest!$A:$A,0)),"not in this export")
A22: Cells | B22: =IFERROR(INDEX(manifest!$B:$B,MATCH("setting_cells",manifest!$A:$A,0)),"not in this export")
A23: Moments | B23: =IFERROR(INDEX(manifest!$B:$B,MATCH("setting_moments",manifest!$A:$A,0)),"not in this export")
A24: Propensity groups | B24: =IFERROR(INDEX(manifest!$B:$B,MATCH("setting_ngroups",manifest!$A:$A,0)),"not in this export")
A25: Trimming rule | B25: =IFERROR(INDEX(manifest!$B:$B,MATCH("setting_rule",manifest!$A:$A,0)),"not in this export")
A26: Trimming percentile | B26: =IFERROR(INDEX(manifest!$B:$B,MATCH("setting_pct",manifest!$A:$A,0)),"not in this export")
A27: Calibration engine | B27: =IFERROR(INDEX(manifest!$B:$B,MATCH("setting_engine",manifest!$A:$A,0)),"not in this export")
A28: Calibration variables | B28: =IFERROR(INDEX(manifest!$B:$B,MATCH("setting_calibration_variables",manifest!$A:$A,0)),"not in this export")
A29: Bounds | B29: =IFERROR(INDEX(manifest!$B:$B,MATCH("setting_bounds",manifest!$A:$A,0)),"not in this export")
A30: Input weight | B30: =IFERROR(INDEX(manifest!$B:$B,MATCH("setting_weight",manifest!$A:$A,0)),"not in this export")
A31: New weight | B31: =IFERROR(INDEX(manifest!$B:$B,MATCH("setting_generate",manifest!$A:$A,0)),"not in this export")
A33: Key numbers (r() results of the command)
A34: Eligible sample | B34: =IFERROR(INDEX(manifest!$B:$B,MATCH("summary_N_sample",manifest!$A:$A,0)),"not in this export")
A35: Respondents | B35: =IFERROR(INDEX(manifest!$B:$B,MATCH("summary_N_resp",manifest!$A:$A,0)),"not in this export")
A36: Response rate, unweighted | B36: =IFERROR(INDEX(manifest!$B:$B,MATCH("summary_rr_unweighted",manifest!$A:$A,0)),"not in this export")
A37: Response rate, weighted | B37: =IFERROR(INDEX(manifest!$B:$B,MATCH("summary_rr_weighted",manifest!$A:$A,0)),"not in this export")
A38: Sum of base weights | B38: =IFERROR(INDEX(manifest!$B:$B,MATCH("summary_sum_base",manifest!$A:$A,0)),"not in this export")
A39: Sum of adjusted weights | B39: =IFERROR(INDEX(manifest!$B:$B,MATCH("summary_sum_adj",manifest!$A:$A,0)),"not in this export")
A40: Adjustment factor, min | B40: =IFERROR(INDEX(manifest!$B:$B,MATCH("summary_factor_min",manifest!$A:$A,0)),"not in this export")
A41: Adjustment factor, median | B41: =IFERROR(INDEX(manifest!$B:$B,MATCH("summary_factor_p50",manifest!$A:$A,0)),"not in this export")
A42: Adjustment factor, max | B42: =IFERROR(INDEX(manifest!$B:$B,MATCH("summary_factor_max",manifest!$A:$A,0)),"not in this export")
A43: Largest relative difference to the targets | B43: =IFERROR(INDEX(manifest!$B:$B,MATCH("summary_max_rel_diff",manifest!$A:$A,0)),"not in this export")
A44: ebalance cross-check, max relative difference | B44: =IFERROR(INDEX(manifest!$B:$B,MATCH("summary_ebalance_maxreldiff",manifest!$A:$A,0)),"not in this export")
A45: Weights lowered by trimming | B45: =IFERROR(INDEX(manifest!$B:$B,MATCH("summary_n_trimmed_high",manifest!$A:$A,0)),"not in this export")
A46: Weights raised by trimming | B46: =IFERROR(INDEX(manifest!$B:$B,MATCH("summary_n_trimmed_low",manifest!$A:$A,0)),"not in this export")
A47: Kish 1+CV2 before | B47: =IFERROR(INDEX(manifest!$B:$B,MATCH("summary_kish_before",manifest!$A:$A,0)),"not in this export")
A48: Kish 1+CV2 after | B48: =IFERROR(INDEX(manifest!$B:$B,MATCH("summary_kish_after",manifest!$A:$A,0)),"not in this export")
A49: Kish 1+CV2 | B49: =IFERROR(INDEX(manifest!$B:$B,MATCH("summary_kish",manifest!$A:$A,0)),"not in this export")
A50: CV of the weights | B50: =IFERROR(INDEX(manifest!$B:$B,MATCH("summary_cv",manifest!$A:$A,0)),"not in this export")
A51: Population total | B51: =IFERROR(INDEX(manifest!$B:$B,MATCH("summary_N_pop",manifest!$A:$A,0)),"not in this export")
A52: Population in cells with no respondent | B52: =IFERROR(INDEX(manifest!$B:$B,MATCH("summary_population_uncovered",manifest!$A:$A,0)),"not in this export")
A53: Households | B53: =IFERROR(INDEX(manifest!$B:$B,MATCH("summary_N_hh",manifest!$A:$A,0)),"not in this export")
A54: Sum of population weights | B54: =IFERROR(INDEX(manifest!$B:$B,MATCH("summary_sum_pop",manifest!$A:$A,0)),"not in this export")
A55: Sum of household weights | B55: =IFERROR(INDEX(manifest!$B:$B,MATCH("summary_sum_hh",manifest!$A:$A,0)),"not in this export")
A57: Weight stages (weight_stages.csv)
A58: stage | B58: variable | C58: n | D58: sum | E58: min | F58: p1 | G58: p5 | H58: p25 | I58: p50 | J58: p75 | K58: p95 | L58: p99 | M58: max | N58: mean | O58: cv | P58: kish_deff | Q58: n_trimmed | R58: n_zero
A59: =IF(weight_stages!A2="","",weight_stages!A2) | B59: =IF(weight_stages!B2="","",weight_stages!B2) | C59: =IF(weight_stages!C2="","",weight_stages!C2) | D59: =IF(weight_stages!D2="","",weight_stages!D2) | E59: =IF(weight_stages!E2="","",weight_stages!E2) | F59: =IF(weight_stages!F2="","",weight_stages!F2) | G59: =IF(weight_stages!G2="","",weight_stages!G2) | H59: =IF(weight_stages!H2="","",weight_stages!H2) | ... R59: =IF(weight_stages!R2="","",weight_stages!R2)
A60: =IF(weight_stages!A3="","",weight_stages!A3) | B60: =IF(weight_stages!B3="","",weight_stages!B3) | C60: =IF(weight_stages!C3="","",weight_stages!C3) | D60: =IF(weight_stages!D3="","",weight_stages!D3) | E60: =IF(weight_stages!E3="","",weight_stages!E3) | F60: =IF(weight_stages!F3="","",weight_stages!F3) | G60: =IF(weight_stages!G3="","",weight_stages!G3) | H60: =IF(weight_stages!H3="","",weight_stages!H3) | ... R60: =IF(weight_stages!R3="","",weight_stages!R3)
A61: =IF(weight_stages!A4="","",weight_stages!A4) | B61: =IF(weight_stages!B4="","",weight_stages!B4) | C61: =IF(weight_stages!C4="","",weight_stages!C4) | D61: =IF(weight_stages!D4="","",weight_stages!D4) | E61: =IF(weight_stages!E4="","",weight_stages!E4) | F61: =IF(weight_stages!F4="","",weight_stages!F4) | G61: =IF(weight_stages!G4="","",weight_stages!G4) | H61: =IF(weight_stages!H4="","",weight_stages!H4) | ... R61: =IF(weight_stages!R4="","",weight_stages!R4)
A62: =IF(weight_stages!A5="","",weight_stages!A5) | B62: =IF(weight_stages!B5="","",weight_stages!B5) | C62: =IF(weight_stages!C5="","",weight_stages!C5) | D62: =IF(weight_stages!D5="","",weight_stages!D5) | E62: =IF(weight_stages!E5="","",weight_stages!E5) | F62: =IF(weight_stages!F5="","",weight_stages!F5) | G62: =IF(weight_stages!G5="","",weight_stages!G5) | H62: =IF(weight_stages!H5="","",weight_stages!H5) | ... R62: =IF(weight_stages!R5="","",weight_stages!R5)
A63: =IF(weight_stages!A6="","",weight_stages!A6) | B63: =IF(weight_stages!B6="","",weight_stages!B6) | C63: =IF(weight_stages!C6="","",weight_stages!C6) | D63: =IF(weight_stages!D6="","",weight_stages!D6) | E63: =IF(weight_stages!E6="","",weight_stages!E6) | F63: =IF(weight_stages!F6="","",weight_stages!F6) | G63: =IF(weight_stages!G6="","",weight_stages!G6) | H63: =IF(weight_stages!H6="","",weight_stages!H6) | ... R63: =IF(weight_stages!R6="","",weight_stages!R6)
A64: =IF(weight_stages!A7="","",weight_stages!A7) | B64: =IF(weight_stages!B7="","",weight_stages!B7) | C64: =IF(weight_stages!C7="","",weight_stages!C7) | D64: =IF(weight_stages!D7="","",weight_stages!D7) | E64: =IF(weight_stages!E7="","",weight_stages!E7) | F64: =IF(weight_stages!F7="","",weight_stages!F7) | G64: =IF(weight_stages!G7="","",weight_stages!G7) | H64: =IF(weight_stages!H7="","",weight_stages!H7) | ... R64: =IF(weight_stages!R7="","",weight_stages!R7)
A65: =IF(weight_stages!A8="","",weight_stages!A8) | B65: =IF(weight_stages!B8="","",weight_stages!B8) | C65: =IF(weight_stages!C8="","",weight_stages!C8) | D65: =IF(weight_stages!D8="","",weight_stages!D8) | E65: =IF(weight_stages!E8="","",weight_stages!E8) | F65: =IF(weight_stages!F8="","",weight_stages!F8) | G65: =IF(weight_stages!G8="","",weight_stages!G8) | H65: =IF(weight_stages!H8="","",weight_stages!H8) | ... R65: =IF(weight_stages!R8="","",weight_stages!R8)
A66: =IF(weight_stages!A9="","",weight_stages!A9) | B66: =IF(weight_stages!B9="","",weight_stages!B9) | C66: =IF(weight_stages!C9="","",weight_stages!C9) | D66: =IF(weight_stages!D9="","",weight_stages!D9) | E66: =IF(weight_stages!E9="","",weight_stages!E9) | F66: =IF(weight_stages!F9="","",weight_stages!F9) | G66: =IF(weight_stages!G9="","",weight_stages!G9) | H66: =IF(weight_stages!H9="","",weight_stages!H9) | ... R66: =IF(weight_stages!R9="","",weight_stages!R9)
A67: =IF(weight_stages!A10="","",weight_stages!A10) | B67: =IF(weight_stages!B10="","",weight_stages!B10) | C67: =IF(weight_stages!C10="","",weight_stages!C10) | D67: =IF(weight_stages!D10="","",weight_stages!D10) | E67: =IF(weight_stages!E10="","",weight_stages!E10) | F67: =IF(weight_stages!F10="","",weight_stages!F10) | G67: =IF(weight_stages!G10="","",weight_stages!G10) | H67: =IF(weight_stages!H10="","",weight_stages!H10) | ... R67: =IF(weight_stages!R10="","",weight_stages!R10)
A68: =IF(weight_stages!A11="","",weight_stages!A11) | B68: =IF(weight_stages!B11="","",weight_stages!B11) | C68: =IF(weight_stages!C11="","",weight_stages!C11) | D68: =IF(weight_stages!D11="","",weight_stages!D11) | E68: =IF(weight_stages!E11="","",weight_stages!E11) | F68: =IF(weight_stages!F11="","",weight_stages!F11) | G68: =IF(weight_stages!G11="","",weight_stages!G11) | H68: =IF(weight_stages!H11="","",weight_stages!H11) | ... R68: =IF(weight_stages!R11="","",weight_stages!R11)
A69: =IF(weight_stages!A12="","",weight_stages!A12) | B69: =IF(weight_stages!B12="","",weight_stages!B12) | C69: =IF(weight_stages!C12="","",weight_stages!C12) | D69: =IF(weight_stages!D12="","",weight_stages!D12) | E69: =IF(weight_stages!E12="","",weight_stages!E12) | F69: =IF(weight_stages!F12="","",weight_stages!F12) | G69: =IF(weight_stages!G12="","",weight_stages!G12) | H69: =IF(weight_stages!H12="","",weight_stages!H12) | ... R69: =IF(weight_stages!R12="","",weight_stages!R12)
A70: =IF(weight_stages!A13="","",weight_stages!A13) | B70: =IF(weight_stages!B13="","",weight_stages!B13) | C70: =IF(weight_stages!C13="","",weight_stages!C13) | D70: =IF(weight_stages!D13="","",weight_stages!D13) | E70: =IF(weight_stages!E13="","",weight_stages!E13) | F70: =IF(weight_stages!F13="","",weight_stages!F13) | G70: =IF(weight_stages!G13="","",weight_stages!G13) | H70: =IF(weight_stages!H13="","",weight_stages!H13) | ... R70: =IF(weight_stages!R13="","",weight_stages!R13)
A87: Response by class or group (response_classes.csv)
A88: class_var | B88: class | C88: n_sample | D88: n_respondents | E88: response_rate | F88: factor
A89: =IF(response_classes!A2="","",response_classes!A2) | B89: =IF(response_classes!B2="","",response_classes!B2) | C89: =IF(response_classes!C2="","",response_classes!C2) | D89: =IF(response_classes!D2="","",response_classes!D2) | E89: =IF(response_classes!E2="","",response_classes!E2) | F89: =IF(response_classes!F2="","",response_classes!F2)
A90: =IF(response_classes!A3="","",response_classes!A3) | B90: =IF(response_classes!B3="","",response_classes!B3) | C90: =IF(response_classes!C3="","",response_classes!C3) | D90: =IF(response_classes!D3="","",response_classes!D3) | E90: =IF(response_classes!E3="","",response_classes!E3) | F90: =IF(response_classes!F3="","",response_classes!F3)
A91: =IF(response_classes!A4="","",response_classes!A4) | B91: =IF(response_classes!B4="","",response_classes!B4) | C91: =IF(response_classes!C4="","",response_classes!C4) | D91: =IF(response_classes!D4="","",response_classes!D4) | E91: =IF(response_classes!E4="","",response_classes!E4) | F91: =IF(response_classes!F4="","",response_classes!F4)
A92: =IF(response_classes!A5="","",response_classes!A5) | B92: =IF(response_classes!B5="","",response_classes!B5) | C92: =IF(response_classes!C5="","",response_classes!C5) | D92: =IF(response_classes!D5="","",response_classes!D5) | E92: =IF(response_classes!E5="","",response_classes!E5) | F92: =IF(response_classes!F5="","",response_classes!F5)
A93: =IF(response_classes!A6="","",response_classes!A6) | B93: =IF(response_classes!B6="","",response_classes!B6) | C93: =IF(response_classes!C6="","",response_classes!C6) | D93: =IF(response_classes!D6="","",response_classes!D6) | E93: =IF(response_classes!E6="","",response_classes!E6) | F93: =IF(response_classes!F6="","",response_classes!F6)
A94: =IF(response_classes!A7="","",response_classes!A7) | B94: =IF(response_classes!B7="","",response_classes!B7) | C94: =IF(response_classes!C7="","",response_classes!C7) | D94: =IF(response_classes!D7="","",response_classes!D7) | E94: =IF(response_classes!E7="","",response_classes!E7) | F94: =IF(response_classes!F7="","",response_classes!F7)
A95: =IF(response_classes!A8="","",response_classes!A8) | B95: =IF(response_classes!B8="","",response_classes!B8) | C95: =IF(response_classes!C8="","",response_classes!C8) | D95: =IF(response_classes!D8="","",response_classes!D8) | E95: =IF(response_classes!E8="","",response_classes!E8) | F95: =IF(response_classes!F8="","",response_classes!F8)
A96: =IF(response_classes!A9="","",response_classes!A9) | B96: =IF(response_classes!B9="","",response_classes!B9) | C96: =IF(response_classes!C9="","",response_classes!C9) | D96: =IF(response_classes!D9="","",response_classes!D9) | E96: =IF(response_classes!E9="","",response_classes!E9) | F96: =IF(response_classes!F9="","",response_classes!F9)
A97: =IF(response_classes!A10="","",response_classes!A10) | B97: =IF(response_classes!B10="","",response_classes!B10) | C97: =IF(response_classes!C10="","",response_classes!C10) | D97: =IF(response_classes!D10="","",response_classes!D10) | E97: =IF(response_classes!E10="","",response_classes!E10) | F97: =IF(response_classes!F10="","",response_classes!F10)
A98: =IF(response_classes!A11="","",response_classes!A11) | B98: =IF(response_classes!B11="","",response_classes!B11) | C98: =IF(response_classes!C11="","",response_classes!C11) | D98: =IF(response_classes!D11="","",response_classes!D11) | E98: =IF(response_classes!E11="","",response_classes!E11) | F98: =IF(response_classes!F11="","",response_classes!F11)
A99: =IF(response_classes!A12="","",response_classes!A12) | B99: =IF(response_classes!B12="","",response_classes!B12) | C99: =IF(response_classes!C12="","",response_classes!C12) | D99: =IF(response_classes!D12="","",response_classes!D12) | E99: =IF(response_classes!E12="","",response_classes!E12) | F99: =IF(response_classes!F12="","",response_classes!F12)
A100: =IF(response_classes!A13="","",response_classes!A13) | B100: =IF(response_classes!B13="","",response_classes!B13) | C100: =IF(response_classes!C13="","",response_classes!C13) | D100: =IF(response_classes!D13="","",response_classes!D13) | E100: =IF(response_classes!E13="","",response_classes!E13) | F100: =IF(response_classes!F13="","",response_classes!F13)
... A118: =IF(response_classes!A31="","",response_classes!A31) | B118: =IF(response_classes!B31="","",response_classes!B31) | C118: =IF(response_classes!C31="","",response_classes!C31) | D118: =IF(response_classes!D31="","",response_classes!D31) | E118: =IF(response_classes!E31="","",response_classes!E31) | F118: =IF(response_classes!F31="","",response_classes!F31)
A120: Calibration or balancing fit (calibration_fit.csv)
A121: constraint | B121: target | C121: before | D121: after | E121: diff | F121: rel_diff | G121: converged | H121: iterations
A122: =IF(calibration_fit!A2="","",calibration_fit!A2) | B122: =IF(calibration_fit!B2="","",calibration_fit!B2) | C122: =IF(calibration_fit!C2="","",calibration_fit!C2) | D122: =IF(calibration_fit!D2="","",calibration_fit!D2) | E122: =IF(calibration_fit!E2="","",calibration_fit!E2) | F122: =IF(calibration_fit!F2="","",calibration_fit!F2) | G122: =IF(calibration_fit!G2="","",calibration_fit!G2) | H122: =IF(calibration_fit!H2="","",calibration_fit!H2)
A123: =IF(calibration_fit!A3="","",calibration_fit!A3) | B123: =IF(calibration_fit!B3="","",calibration_fit!B3) | C123: =IF(calibration_fit!C3="","",calibration_fit!C3) | D123: =IF(calibration_fit!D3="","",calibration_fit!D3) | E123: =IF(calibration_fit!E3="","",calibration_fit!E3) | F123: =IF(calibration_fit!F3="","",calibration_fit!F3) | G123: =IF(calibration_fit!G3="","",calibration_fit!G3) | H123: =IF(calibration_fit!H3="","",calibration_fit!H3)
A124: =IF(calibration_fit!A4="","",calibration_fit!A4) | B124: =IF(calibration_fit!B4="","",calibration_fit!B4) | C124: =IF(calibration_fit!C4="","",calibration_fit!C4) | D124: =IF(calibration_fit!D4="","",calibration_fit!D4) | E124: =IF(calibration_fit!E4="","",calibration_fit!E4) | F124: =IF(calibration_fit!F4="","",calibration_fit!F4) | G124: =IF(calibration_fit!G4="","",calibration_fit!G4) | H124: =IF(calibration_fit!H4="","",calibration_fit!H4)
A125: =IF(calibration_fit!A5="","",calibration_fit!A5) | B125: =IF(calibration_fit!B5="","",calibration_fit!B5) | C125: =IF(calibration_fit!C5="","",calibration_fit!C5) | D125: =IF(calibration_fit!D5="","",calibration_fit!D5) | E125: =IF(calibration_fit!E5="","",calibration_fit!E5) | F125: =IF(calibration_fit!F5="","",calibration_fit!F5) | G125: =IF(calibration_fit!G5="","",calibration_fit!G5) | H125: =IF(calibration_fit!H5="","",calibration_fit!H5)
A126: =IF(calibration_fit!A6="","",calibration_fit!A6) | B126: =IF(calibration_fit!B6="","",calibration_fit!B6) | C126: =IF(calibration_fit!C6="","",calibration_fit!C6) | D126: =IF(calibration_fit!D6="","",calibration_fit!D6) | E126: =IF(calibration_fit!E6="","",calibration_fit!E6) | F126: =IF(calibration_fit!F6="","",calibration_fit!F6) | G126: =IF(calibration_fit!G6="","",calibration_fit!G6) | H126: =IF(calibration_fit!H6="","",calibration_fit!H6)
A127: =IF(calibration_fit!A7="","",calibration_fit!A7) | B127: =IF(calibration_fit!B7="","",calibration_fit!B7) | C127: =IF(calibration_fit!C7="","",calibration_fit!C7) | D127: =IF(calibration_fit!D7="","",calibration_fit!D7) | E127: =IF(calibration_fit!E7="","",calibration_fit!E7) | F127: =IF(calibration_fit!F7="","",calibration_fit!F7) | G127: =IF(calibration_fit!G7="","",calibration_fit!G7) | H127: =IF(calibration_fit!H7="","",calibration_fit!H7)
A128: =IF(calibration_fit!A8="","",calibration_fit!A8) | B128: =IF(calibration_fit!B8="","",calibration_fit!B8) | C128: =IF(calibration_fit!C8="","",calibration_fit!C8) | D128: =IF(calibration_fit!D8="","",calibration_fit!D8) | E128: =IF(calibration_fit!E8="","",calibration_fit!E8) | F128: =IF(calibration_fit!F8="","",calibration_fit!F8) | G128: =IF(calibration_fit!G8="","",calibration_fit!G8) | H128: =IF(calibration_fit!H8="","",calibration_fit!H8)
A129: =IF(calibration_fit!A9="","",calibration_fit!A9) | B129: =IF(calibration_fit!B9="","",calibration_fit!B9) | C129: =IF(calibration_fit!C9="","",calibration_fit!C9) | D129: =IF(calibration_fit!D9="","",calibration_fit!D9) | E129: =IF(calibration_fit!E9="","",calibration_fit!E9) | F129: =IF(calibration_fit!F9="","",calibration_fit!F9) | G129: =IF(calibration_fit!G9="","",calibration_fit!G9) | H129: =IF(calibration_fit!H9="","",calibration_fit!H9)
A130: =IF(calibration_fit!A10="","",calibration_fit!A10) | B130: =IF(calibration_fit!B10="","",calibration_fit!B10) | C130: =IF(calibration_fit!C10="","",calibration_fit!C10) | D130: =IF(calibration_fit!D10="","",calibration_fit!D10) | E130: =IF(calibration_fit!E10="","",calibration_fit!E10) | F130: =IF(calibration_fit!F10="","",calibration_fit!F10) | G130: =IF(calibration_fit!G10="","",calibration_fit!G10) | H130: =IF(calibration_fit!H10="","",calibration_fit!H10)
A131: =IF(calibration_fit!A11="","",calibration_fit!A11) | B131: =IF(calibration_fit!B11="","",calibration_fit!B11) | C131: =IF(calibration_fit!C11="","",calibration_fit!C11) | D131: =IF(calibration_fit!D11="","",calibration_fit!D11) | E131: =IF(calibration_fit!E11="","",calibration_fit!E11) | F131: =IF(calibration_fit!F11="","",calibration_fit!F11) | G131: =IF(calibration_fit!G11="","",calibration_fit!G11) | H131: =IF(calibration_fit!H11="","",calibration_fit!H11)
A132: =IF(calibration_fit!A12="","",calibration_fit!A12) | B132: =IF(calibration_fit!B12="","",calibration_fit!B12) | C132: =IF(calibration_fit!C12="","",calibration_fit!C12) | D132: =IF(calibration_fit!D12="","",calibration_fit!D12) | E132: =IF(calibration_fit!E12="","",calibration_fit!E12) | F132: =IF(calibration_fit!F12="","",calibration_fit!F12) | G132: =IF(calibration_fit!G12="","",calibration_fit!G12) | H132: =IF(calibration_fit!H12="","",calibration_fit!H12)
A133: =IF(calibration_fit!A13="","",calibration_fit!A13) | B133: =IF(calibration_fit!B13="","",calibration_fit!B13) | C133: =IF(calibration_fit!C13="","",calibration_fit!C13) | D133: =IF(calibration_fit!D13="","",calibration_fit!D13) | E133: =IF(calibration_fit!E13="","",calibration_fit!E13) | F133: =IF(calibration_fit!F13="","",calibration_fit!F13) | G133: =IF(calibration_fit!G13="","",calibration_fit!G13) | H133: =IF(calibration_fit!H13="","",calibration_fit!H13)
... A151: =IF(calibration_fit!A31="","",calibration_fit!A31) | B151: =IF(calibration_fit!B31="","",calibration_fit!B31) | C151: =IF(calibration_fit!C31="","",calibration_fit!C31) | D151: =IF(calibration_fit!D31="","",calibration_fit!D31) | E151: =IF(calibration_fit!E31="","",calibration_fit!E31) | F151: =IF(calibration_fit!F31="","",calibration_fit!F31) | G151: =IF(calibration_fit!G31="","",calibration_fit!G31) | H151: =IF(calibration_fit!H31="","",calibration_fit!H31)
A153: Weights by group (weight_groups.csv)
A154: stage | B154: variable | C154: group_var | D154: group | E154: n | F154: sum | G154: mean | H154: cv
A155: =IF(weight_groups!A2="","",weight_groups!A2) | B155: =IF(weight_groups!B2="","",weight_groups!B2) | C155: =IF(weight_groups!C2="","",weight_groups!C2) | D155: =IF(weight_groups!D2="","",weight_groups!D2) | E155: =IF(weight_groups!E2="","",weight_groups!E2) | F155: =IF(weight_groups!F2="","",weight_groups!F2) | G155: =IF(weight_groups!G2="","",weight_groups!G2) | H155: =IF(weight_groups!H2="","",weight_groups!H2)
A156: =IF(weight_groups!A3="","",weight_groups!A3) | B156: =IF(weight_groups!B3="","",weight_groups!B3) | C156: =IF(weight_groups!C3="","",weight_groups!C3) | D156: =IF(weight_groups!D3="","",weight_groups!D3) | E156: =IF(weight_groups!E3="","",weight_groups!E3) | F156: =IF(weight_groups!F3="","",weight_groups!F3) | G156: =IF(weight_groups!G3="","",weight_groups!G3) | H156: =IF(weight_groups!H3="","",weight_groups!H3)
...

Sheet Sampling
A1: Sampling: what Stata exported for this run
A2: Sizes, allocation and the draw as computed in Stata; nothing is recalculated here (see Notes).
A4: Run | U4: selected: x | V4: selected: y | W4: not selected: x | X4: not selected: y
A5: Run id | B5: =IFERROR(INDEX(manifest!$B:$B,MATCH("run_id",manifest!$A:$A,0)),"not in this export") | U5: =IF(selection!H2=1,selection!M2,NA()) | V5: =IF(selection!H2=1,selection!N2,NA()) | W5: =IF(selection!H2=0,selection!M2,NA()) | X5: =IF(selection!H2=0,selection!N2,NA())
A6: Step | B6: =IFERROR(INDEX(manifest!$B:$B,MATCH("step",manifest!$A:$A,0)),"not in this export") | U6: =IF(selection!H3=1,selection!M3,NA()) | V6: =IF(selection!H3=1,selection!N3,NA()) | W6: =IF(selection!H3=0,selection!M3,NA()) | X6: =IF(selection!H3=0,selection!N3,NA())
A7: Started | B7: =IFERROR(INDEX(manifest!$B:$B,MATCH("started",manifest!$A:$A,0)),"not in this export") | U7: =IF(selection!H4=1,selection!M4,NA()) | V7: =IF(selection!H4=1,selection!N4,NA()) | W7: =IF(selection!H4=0,selection!M4,NA()) | X7: =IF(selection!H4=0,selection!N4,NA())
A8: Status | B8: =IFERROR(INDEX(manifest!$B:$B,MATCH("status",manifest!$A:$A,0)),"not in this export") | U8: =IF(selection!H5=1,selection!M5,NA()) | V8: =IF(selection!H5=1,selection!N5,NA()) | W8: =IF(selection!H5=0,selection!M5,NA()) | X8: =IF(selection!H5=0,selection!N5,NA())
A9: Source (ado or do-file) | B9: =IFERROR(INDEX(manifest!$B:$B,MATCH("source",manifest!$A:$A,0)),"not in this export") | U9: =IF(selection!H6=1,selection!M6,NA()) | V9: =IF(selection!H6=1,selection!N6,NA()) | W9: =IF(selection!H6=0,selection!M6,NA()) | X9: =IF(selection!H6=0,selection!N6,NA())
A10: Input file | B10: =IFERROR(INDEX(manifest!$B:$B,MATCH("input_file",manifest!$A:$A,0)),"not in this export") | U10: =IF(selection!H7=1,selection!M7,NA()) | V10: =IF(selection!H7=1,selection!N7,NA()) | W10: =IF(selection!H7=0,selection!M7,NA()) | X10: =IF(selection!H7=0,selection!N7,NA())
A11: Input rows | B11: =IFERROR(INDEX(manifest!$B:$B,MATCH("input_rows",manifest!$A:$A,0)),"not in this export") | U11: =IF(selection!H8=1,selection!M8,NA()) | V11: =IF(selection!H8=1,selection!N8,NA()) | W11: =IF(selection!H8=0,selection!M8,NA()) | X11: =IF(selection!H8=0,selection!N8,NA())
A12: Command | B12: =IFERROR(INDEX(manifest!$B:$B,MATCH("command",manifest!$A:$A,0)),"not in this export") | U12: =IF(selection!H9=1,selection!M9,NA()) | V12: =IF(selection!H9=1,selection!N9,NA()) | W12: =IF(selection!H9=0,selection!M9,NA()) | X12: =IF(selection!H9=0,selection!N9,NA())
U13: =IF(selection!H10=1,selection!M10,NA()) | V13: =IF(selection!H10=1,selection!N10,NA()) | W13: =IF(selection!H10=0,selection!M10,NA()) | X13: =IF(selection!H10=0,selection!N10,NA())
A14: Key numbers (r() results of the command) | U14: =IF(selection!H11=1,selection!M11,NA()) | V14: =IF(selection!H11=1,selection!N11,NA()) | W14: =IF(selection!H11=0,selection!M11,NA()) | X14: =IF(selection!H11=0,selection!N11,NA())
A15: Households per domain (size) | B15: =IFERROR(INDEX(manifest!$B:$B,MATCH("summary_n_domain",manifest!$A:$A,0)),"not in this export") | U15: =IF(selection!H12=1,selection!M12,NA()) | V15: =IF(selection!H12=1,selection!N12,NA()) | W15: =IF(selection!H12=0,selection!M12,NA()) | X15: =IF(selection!H12=0,selection!N12,NA())
A16: Households in all domains | B16: =IFERROR(INDEX(manifest!$B:$B,MATCH("summary_n_total",manifest!$A:$A,0)),"not in this export") | U16: =IF(selection!H13=1,selection!M13,NA()) | V16: =IF(selection!H13=1,selection!N13,NA()) | W16: =IF(selection!H13=0,selection!M13,NA()) | X16: =IF(selection!H13=0,selection!N13,NA())
A17: Interviews, simple random sample | B17: =IFERROR(INDEX(manifest!$B:$B,MATCH("summary_n_srs",manifest!$A:$A,0)),"not in this export") | U17: =IF(selection!H14=1,selection!M14,NA()) | V17: =IF(selection!H14=1,selection!N14,NA()) | W17: =IF(selection!H14=0,selection!M14,NA()) | X17: =IF(selection!H14=0,selection!N14,NA())
A18: Attrition reserve factor | B18: =IFERROR(INDEX(manifest!$B:$B,MATCH("summary_f_attrition",manifest!$A:$A,0)),"not in this export") | U18: =IF(selection!H15=1,selection!M15,NA()) | V18: =IF(selection!H15=1,selection!N15,NA()) | W18: =IF(selection!H15=0,selection!M15,NA()) | X18: =IF(selection!H15=0,selection!N15,NA())
A19: Total to allocate | B19: =IFERROR(INDEX(manifest!$B:$B,MATCH("summary_n",manifest!$A:$A,0)),"not in this export") | U19: =IF(selection!H16=1,selection!M16,NA()) | V19: =IF(selection!H16=1,selection!N16,NA()) | W19: =IF(selection!H16=0,selection!M16,NA()) | X19: =IF(selection!H16=0,selection!N16,NA())
A20: Allocated after rounding | B20: =IFERROR(INDEX(manifest!$B:$B,MATCH("summary_n_rounded",manifest!$A:$A,0)),"not in this export") | U20: =IF(selection!H17=1,selection!M17,NA()) | V20: =IF(selection!H17=1,selection!N17,NA()) | W20: =IF(selection!H17=0,selection!M17,NA()) | X20: =IF(selection!H17=0,selection!N17,NA())
A21: Frame units | B21: =IFERROR(INDEX(manifest!$B:$B,MATCH("summary_N_frame",manifest!$A:$A,0)),"not in this export") | U21: =IF(selection!H18=1,selection!M18,NA()) | V21: =IF(selection!H18=1,selection!N18,NA()) | W21: =IF(selection!H18=0,selection!M18,NA()) | X21: =IF(selection!H18=0,selection!N18,NA())
A22: Selected units | B22: =IFERROR(INDEX(manifest!$B:$B,MATCH("summary_n_selected",manifest!$A:$A,0)),"not in this export") | U22: =IF(selection!H19=1,selection!M19,NA()) | V22: =IF(selection!H19=1,selection!N19,NA()) | W22: =IF(selection!H19=0,selection!M19,NA()) | X22: =IF(selection!H19=0,selection!N19,NA())
A23: Reserve units | B23: =IFERROR(INDEX(manifest!$B:$B,MATCH("summary_n_reserve",manifest!$A:$A,0)),"not in this export") | U23: =IF(selection!H20=1,selection!M20,NA()) | V23: =IF(selection!H20=1,selection!N20,NA()) | W23: =IF(selection!H20=0,selection!M20,NA()) | X23: =IF(selection!H20=0,selection!N20,NA())
A24: Certainty units | B24: =IFERROR(INDEX(manifest!$B:$B,MATCH("summary_n_certainty",manifest!$A:$A,0)),"not in this export") | U24: =IF(selection!H21=1,selection!M21,NA()) | V24: =IF(selection!H21=1,selection!N21,NA()) | W24: =IF(selection!H21=0,selection!M21,NA()) | X24: =IF(selection!H21=0,selection!N21,NA())
A25: Strata | B25: =IFERROR(INDEX(manifest!$B:$B,MATCH("summary_H",manifest!$A:$A,0)),"not in this export") | U25: =IF(selection!H22=1,selection!M22,NA()) | V25: =IF(selection!H22=1,selection!N22,NA()) | W25: =IF(selection!H22=0,selection!M22,NA()) | X25: =IF(selection!H22=0,selection!N22,NA())
A26: Seed | B26: =IFERROR(INDEX(manifest!$B:$B,MATCH("summary_seed",manifest!$A:$A,0)),"not in this export") | U26: =IF(selection!H23=1,selection!M23,NA()) | V26: =IF(selection!H23=1,selection!N23,NA()) | W26: =IF(selection!H23=0,selection!M23,NA()) | X26: =IF(selection!H23=0,selection!N23,NA())
A27: Serpentine bands | B27: =IFERROR(INDEX(manifest!$B:$B,MATCH("summary_bands",manifest!$A:$A,0)),"not in this export") | U27: =IF(selection!H24=1,selection!M24,NA()) | V27: =IF(selection!H24=1,selection!N24,NA()) | W27: =IF(selection!H24=0,selection!M24,NA()) | X27: =IF(selection!H24=0,selection!N24,NA())
A28: Numbers generated (RDD) | B28: =IFERROR(INDEX(manifest!$B:$B,MATCH("summary_n_numbers",manifest!$A:$A,0)),"not in this export") | U28: =IF(selection!H25=1,selection!M25,NA()) | V28: =IF(selection!H25=1,selection!N25,NA()) | W28: =IF(selection!H25=0,selection!M25,NA()) | X28: =IF(selection!H25=0,selection!N25,NA())
U29: =IF(selection!H26=1,selection!M26,NA()) | V29: =IF(selection!H26=1,selection!N26,NA()) | W29: =IF(selection!H26=0,selection!M26,NA()) | X29: =IF(selection!H26=0,selection!N26,NA())
A30: Sample size per domain (size.csv) | U30: =IF(selection!H27=1,selection!M27,NA()) | V30: =IF(selection!H27=1,selection!N27,NA()) | W30: =IF(selection!H27=0,selection!M27,NA()) | X30: =IF(selection!H27=0,selection!N27,NA())
A31: domain | B31: p | C31: margin | D31: deff | E31: nonresponse | F31: attrition | G31: rounds | H31: n_effective | I31: n_final | U31: =IF(selection!H28=1,selection!M28,NA()) | V31: =IF(selection!H28=1,selection!N28,NA()) | W31: =IF(selection!H28=0,selection!M28,NA()) | X31: =IF(selection!H28=0,selection!N28,NA())
A32: =IF(size!A2="","",size!A2) | B32: =IF(size!B2="","",size!B2) | C32: =IF(size!C2="","",size!C2) | D32: =IF(size!D2="","",size!D2) | E32: =IF(size!E2="","",size!E2) | F32: =IF(size!F2="","",size!F2) | G32: =IF(size!G2="","",size!G2) | H32: =IF(size!H2="","",size!H2) | I32: =IF(size!I2="","",size!I2) | U32: =IF(selection!H29=1,selection!M29,NA()) | V32: =IF(selection!H29=1,selection!N29,NA()) | W32: =IF(selection!H29=0,selection!M29,NA()) | X32: =IF(selection!H29=0,selection!N29,NA())
A33: =IF(size!A3="","",size!A3) | B33: =IF(size!B3="","",size!B3) | C33: =IF(size!C3="","",size!C3) | D33: =IF(size!D3="","",size!D3) | E33: =IF(size!E3="","",size!E3) | F33: =IF(size!F3="","",size!F3) | G33: =IF(size!G3="","",size!G3) | H33: =IF(size!H3="","",size!H3) | I33: =IF(size!I3="","",size!I3) | U33: =IF(selection!H30=1,selection!M30,NA()) | V33: =IF(selection!H30=1,selection!N30,NA()) | W33: =IF(selection!H30=0,selection!M30,NA()) | X33: =IF(selection!H30=0,selection!N30,NA())
A34: =IF(size!A4="","",size!A4) | B34: =IF(size!B4="","",size!B4) | C34: =IF(size!C4="","",size!C4) | D34: =IF(size!D4="","",size!D4) | E34: =IF(size!E4="","",size!E4) | F34: =IF(size!F4="","",size!F4) | G34: =IF(size!G4="","",size!G4) | H34: =IF(size!H4="","",size!H4) | I34: =IF(size!I4="","",size!I4) | U34: =IF(selection!H31=1,selection!M31,NA()) | V34: =IF(selection!H31=1,selection!N31,NA()) | W34: =IF(selection!H31=0,selection!M31,NA()) | X34: =IF(selection!H31=0,selection!N31,NA())
A35: =IF(size!A5="","",size!A5) | B35: =IF(size!B5="","",size!B5) | C35: =IF(size!C5="","",size!C5) | D35: =IF(size!D5="","",size!D5) | E35: =IF(size!E5="","",size!E5) | F35: =IF(size!F5="","",size!F5) | G35: =IF(size!G5="","",size!G5) | H35: =IF(size!H5="","",size!H5) | I35: =IF(size!I5="","",size!I5) | U35: =IF(selection!H32=1,selection!M32,NA()) | V35: =IF(selection!H32=1,selection!N32,NA()) | W35: =IF(selection!H32=0,selection!M32,NA()) | X35: =IF(selection!H32=0,selection!N32,NA())
A36: =IF(size!A6="","",size!A6) | B36: =IF(size!B6="","",size!B6) | C36: =IF(size!C6="","",size!C6) | D36: =IF(size!D6="","",size!D6) | E36: =IF(size!E6="","",size!E6) | F36: =IF(size!F6="","",size!F6) | G36: =IF(size!G6="","",size!G6) | H36: =IF(size!H6="","",size!H6) | I36: =IF(size!I6="","",size!I6) | U36: =IF(selection!H33=1,selection!M33,NA()) | V36: =IF(selection!H33=1,selection!N33,NA()) | W36: =IF(selection!H33=0,selection!M33,NA()) | X36: =IF(selection!H33=0,selection!N33,NA())
A37: =IF(size!A7="","",size!A7) | B37: =IF(size!B7="","",size!B7) | C37: =IF(size!C7="","",size!C7) | D37: =IF(size!D7="","",size!D7) | E37: =IF(size!E7="","",size!E7) | F37: =IF(size!F7="","",size!F7) | G37: =IF(size!G7="","",size!G7) | H37: =IF(size!H7="","",size!H7) | I37: =IF(size!I7="","",size!I7) | U37: =IF(selection!H34=1,selection!M34,NA()) | V37: =IF(selection!H34=1,selection!N34,NA()) | W37: =IF(selection!H34=0,selection!M34,NA()) | X37: =IF(selection!H34=0,selection!N34,NA())
U38: =IF(selection!H35=1,selection!M35,NA()) | V38: =IF(selection!H35=1,selection!N35,NA()) | W38: =IF(selection!H35=0,selection!M35,NA()) | X38: =IF(selection!H35=0,selection!N35,NA())
A39: Allocation across strata (allocation.csv): planned against final | U39: =IF(selection!H36=1,selection!M36,NA()) | V39: =IF(selection!H36=1,selection!N36,NA()) | W39: =IF(selection!H36=0,selection!M36,NA()) | X39: =IF(selection!H36=0,selection!N36,NA())
A40: stratum | B40: n_units | C40: size_sum | D40: share | E40: n_planned | F40: n_min | G40: n_max | H40: n_final | I40: sampling_fraction | U40: =IF(selection!H37=1,selection!M37,NA()) | V40: =IF(selection!H37=1,selection!N37,NA()) | W40: =IF(selection!H37=0,selection!M37,NA()) | X40: =IF(selection!H37=0,selection!N37,NA())
A41: =IF(allocation!A2="","",allocation!A2) | B41: =IF(allocation!B2="","",allocation!B2) | C41: =IF(allocation!C2="","",allocation!C2) | D41: =IF(allocation!D2="","",allocation!D2) | E41: =IF(allocation!E2="","",allocation!E2) | F41: =IF(allocation!F2="","",allocation!F2) | G41: =IF(allocation!G2="","",allocation!G2) | H41: =IF(allocation!H2="","",allocation!H2) | I41: =IF(allocation!I2="","",allocation!I2) | U41: =IF(selection!H38=1,selection!M38,NA()) | V41: =IF(selection!H38=1,selection!N38,NA()) | W41: =IF(selection!H38=0,selection!M38,NA()) | X41: =IF(selection!H38=0,selection!N38,NA())
A42: =IF(allocation!A3="","",allocation!A3) | B42: =IF(allocation!B3="","",allocation!B3) | C42: =IF(allocation!C3="","",allocation!C3) | D42: =IF(allocation!D3="","",allocation!D3) | E42: =IF(allocation!E3="","",allocation!E3) | F42: =IF(allocation!F3="","",allocation!F3) | G42: =IF(allocation!G3="","",allocation!G3) | H42: =IF(allocation!H3="","",allocation!H3) | I42: =IF(allocation!I3="","",allocation!I3) | U42: =IF(selection!H39=1,selection!M39,NA()) | V42: =IF(selection!H39=1,selection!N39,NA()) | W42: =IF(selection!H39=0,selection!M39,NA()) | X42: =IF(selection!H39=0,selection!N39,NA())
A43: =IF(allocation!A4="","",allocation!A4) | B43: =IF(allocation!B4="","",allocation!B4) | C43: =IF(allocation!C4="","",allocation!C4) | D43: =IF(allocation!D4="","",allocation!D4) | E43: =IF(allocation!E4="","",allocation!E4) | F43: =IF(allocation!F4="","",allocation!F4) | G43: =IF(allocation!G4="","",allocation!G4) | H43: =IF(allocation!H4="","",allocation!H4) | I43: =IF(allocation!I4="","",allocation!I4) | U43: =IF(selection!H40=1,selection!M40,NA()) | V43: =IF(selection!H40=1,selection!N40,NA()) | W43: =IF(selection!H40=0,selection!M40,NA()) | X43: =IF(selection!H40=0,selection!N40,NA())
A44: =IF(allocation!A5="","",allocation!A5) | B44: =IF(allocation!B5="","",allocation!B5) | C44: =IF(allocation!C5="","",allocation!C5) | D44: =IF(allocation!D5="","",allocation!D5) | E44: =IF(allocation!E5="","",allocation!E5) | F44: =IF(allocation!F5="","",allocation!F5) | G44: =IF(allocation!G5="","",allocation!G5) | H44: =IF(allocation!H5="","",allocation!H5) | I44: =IF(allocation!I5="","",allocation!I5) | U44: =IF(selection!H41=1,selection!M41,NA()) | V44: =IF(selection!H41=1,selection!N41,NA()) | W44: =IF(selection!H41=0,selection!M41,NA()) | X44: =IF(selection!H41=0,selection!N41,NA())
A45: =IF(allocation!A6="","",allocation!A6) | B45: =IF(allocation!B6="","",allocation!B6) | C45: =IF(allocation!C6="","",allocation!C6) | D45: =IF(allocation!D6="","",allocation!D6) | E45: =IF(allocation!E6="","",allocation!E6) | F45: =IF(allocation!F6="","",allocation!F6) | G45: =IF(allocation!G6="","",allocation!G6) | H45: =IF(allocation!H6="","",allocation!H6) | I45: =IF(allocation!I6="","",allocation!I6) | U45: =IF(selection!H42=1,selection!M42,NA()) | V45: =IF(selection!H42=1,selection!N42,NA()) | W45: =IF(selection!H42=0,selection!M42,NA()) | X45: =IF(selection!H42=0,selection!N42,NA())
A46: =IF(allocation!A7="","",allocation!A7) | B46: =IF(allocation!B7="","",allocation!B7) | C46: =IF(allocation!C7="","",allocation!C7) | D46: =IF(allocation!D7="","",allocation!D7) | E46: =IF(allocation!E7="","",allocation!E7) | F46: =IF(allocation!F7="","",allocation!F7) | G46: =IF(allocation!G7="","",allocation!G7) | H46: =IF(allocation!H7="","",allocation!H7) | I46: =IF(allocation!I7="","",allocation!I7) | U46: =IF(selection!H43=1,selection!M43,NA()) | V46: =IF(selection!H43=1,selection!N43,NA()) | W46: =IF(selection!H43=0,selection!M43,NA()) | X46: =IF(selection!H43=0,selection!N43,NA())
A47: =IF(allocation!A8="","",allocation!A8) | B47: =IF(allocation!B8="","",allocation!B8) | C47: =IF(allocation!C8="","",allocation!C8) | D47: =IF(allocation!D8="","",allocation!D8) | E47: =IF(allocation!E8="","",allocation!E8) | F47: =IF(allocation!F8="","",allocation!F8) | G47: =IF(allocation!G8="","",allocation!G8) | H47: =IF(allocation!H8="","",allocation!H8) | I47: =IF(allocation!I8="","",allocation!I8) | U47: =IF(selection!H44=1,selection!M44,NA()) | V47: =IF(selection!H44=1,selection!N44,NA()) | W47: =IF(selection!H44=0,selection!M44,NA()) | X47: =IF(selection!H44=0,selection!N44,NA())
A48: =IF(allocation!A9="","",allocation!A9) | B48: =IF(allocation!B9="","",allocation!B9) | C48: =IF(allocation!C9="","",allocation!C9) | D48: =IF(allocation!D9="","",allocation!D9) | E48: =IF(allocation!E9="","",allocation!E9) | F48: =IF(allocation!F9="","",allocation!F9) | G48: =IF(allocation!G9="","",allocation!G9) | H48: =IF(allocation!H9="","",allocation!H9) | I48: =IF(allocation!I9="","",allocation!I9) | U48: =IF(selection!H45=1,selection!M45,NA()) | V48: =IF(selection!H45=1,selection!N45,NA()) | W48: =IF(selection!H45=0,selection!M45,NA()) | X48: =IF(selection!H45=0,selection!N45,NA())
A49: =IF(allocation!A10="","",allocation!A10) | B49: =IF(allocation!B10="","",allocation!B10) | C49: =IF(allocation!C10="","",allocation!C10) | D49: =IF(allocation!D10="","",allocation!D10) | E49: =IF(allocation!E10="","",allocation!E10) | F49: =IF(allocation!F10="","",allocation!F10) | G49: =IF(allocation!G10="","",allocation!G10) | H49: =IF(allocation!H10="","",allocation!H10) | I49: =IF(allocation!I10="","",allocation!I10) | U49: =IF(selection!H46=1,selection!M46,NA()) | V49: =IF(selection!H46=1,selection!N46,NA()) | W49: =IF(selection!H46=0,selection!M46,NA()) | X49: =IF(selection!H46=0,selection!N46,NA())
A50: =IF(allocation!A11="","",allocation!A11) | B50: =IF(allocation!B11="","",allocation!B11) | C50: =IF(allocation!C11="","",allocation!C11) | D50: =IF(allocation!D11="","",allocation!D11) | E50: =IF(allocation!E11="","",allocation!E11) | F50: =IF(allocation!F11="","",allocation!F11) | G50: =IF(allocation!G11="","",allocation!G11) | H50: =IF(allocation!H11="","",allocation!H11) | I50: =IF(allocation!I11="","",allocation!I11) | U50: =IF(selection!H47=1,selection!M47,NA()) | V50: =IF(selection!H47=1,selection!N47,NA()) | W50: =IF(selection!H47=0,selection!M47,NA()) | X50: =IF(selection!H47=0,selection!N47,NA())
A51: =IF(allocation!A12="","",allocation!A12) | B51: =IF(allocation!B12="","",allocation!B12) | C51: =IF(allocation!C12="","",allocation!C12) | D51: =IF(allocation!D12="","",allocation!D12) | E51: =IF(allocation!E12="","",allocation!E12) | F51: =IF(allocation!F12="","",allocation!F12) | G51: =IF(allocation!G12="","",allocation!G12) | H51: =IF(allocation!H12="","",allocation!H12) | I51: =IF(allocation!I12="","",allocation!I12) | U51: =IF(selection!H48=1,selection!M48,NA()) | V51: =IF(selection!H48=1,selection!N48,NA()) | W51: =IF(selection!H48=0,selection!M48,NA()) | X51: =IF(selection!H48=0,selection!N48,NA())
A52: =IF(allocation!A13="","",allocation!A13) | B52: =IF(allocation!B13="","",allocation!B13) | C52: =IF(allocation!C13="","",allocation!C13) | D52: =IF(allocation!D13="","",allocation!D13) | E52: =IF(allocation!E13="","",allocation!E13) | F52: =IF(allocation!F13="","",allocation!F13) | G52: =IF(allocation!G13="","",allocation!G13) | H52: =IF(allocation!H13="","",allocation!H13) | I52: =IF(allocation!I13="","",allocation!I13) | U52: =IF(selection!H49=1,selection!M49,NA()) | V52: =IF(selection!H49=1,selection!N49,NA()) | W52: =IF(selection!H49=0,selection!M49,NA()) | X52: =IF(selection!H49=0,selection!N49,NA())
... A80: =IF(allocation!A41="","",allocation!A41) | B80: =IF(allocation!B41="","",allocation!B41) | C80: =IF(allocation!C41="","",allocation!C41) | D80: =IF(allocation!D41="","",allocation!D41) | E80: =IF(allocation!E41="","",allocation!E41) | F80: =IF(allocation!F41="","",allocation!F41) | G80: =IF(allocation!G41="","",allocation!G41) | H80: =IF(allocation!H41="","",allocation!H41) | I80: =IF(allocation!I41="","",allocation!I41) | U80: =IF(selection!H77=1,selection!M77,NA()) | V80: =IF(selection!H77=1,selection!N77,NA()) | W80: =IF(selection!H77=0,selection!M77,NA()) | X80: =IF(selection!H77=0,selection!N77,NA())
U81: =IF(selection!H78=1,selection!M78,NA()) | V81: =IF(selection!H78=1,selection!N78,NA()) | W81: =IF(selection!H78=0,selection!M78,NA()) | X81: =IF(selection!H78=0,selection!N78,NA())
A82: Draw by stratum (draw_summary.csv) | U82: =IF(selection!H79=1,selection!M79,NA()) | V82: =IF(selection!H79=1,selection!N79,NA()) | W82: =IF(selection!H79=0,selection!M79,NA()) | X82: =IF(selection!H79=0,selection!N79,NA())
A83: stratum | B83: n_units | C83: n_selected | D83: n_reserve | E83: prob_min | F83: prob_max | G83: interval | H83: random_start | U83: =IF(selection!H80=1,selection!M80,NA()) | V83: =IF(selection!H80=1,selection!N80,NA()) | W83: =IF(selection!H80=0,selection!M80,NA()) | X83: =IF(selection!H80=0,selection!N80,NA())
A84: =IF(draw_summary!A2="","",draw_summary!A2) | B84: =IF(draw_summary!B2="","",draw_summary!B2) | C84: =IF(draw_summary!C2="","",draw_summary!C2) | D84: =IF(draw_summary!D2="","",draw_summary!D2) | E84: =IF(draw_summary!E2="","",draw_summary!E2) | F84: =IF(draw_summary!F2="","",draw_summary!F2) | G84: =IF(draw_summary!G2="","",draw_summary!G2) | H84: =IF(draw_summary!H2="","",draw_summary!H2) | U84: =IF(selection!H81=1,selection!M81,NA()) | V84: =IF(selection!H81=1,selection!N81,NA()) | W84: =IF(selection!H81=0,selection!M81,NA()) | X84: =IF(selection!H81=0,selection!N81,NA())
A85: =IF(draw_summary!A3="","",draw_summary!A3) | B85: =IF(draw_summary!B3="","",draw_summary!B3) | C85: =IF(draw_summary!C3="","",draw_summary!C3) | D85: =IF(draw_summary!D3="","",draw_summary!D3) | E85: =IF(draw_summary!E3="","",draw_summary!E3) | F85: =IF(draw_summary!F3="","",draw_summary!F3) | G85: =IF(draw_summary!G3="","",draw_summary!G3) | H85: =IF(draw_summary!H3="","",draw_summary!H3) | U85: =IF(selection!H82=1,selection!M82,NA()) | V85: =IF(selection!H82=1,selection!N82,NA()) | W85: =IF(selection!H82=0,selection!M82,NA()) | X85: =IF(selection!H82=0,selection!N82,NA())
A86: =IF(draw_summary!A4="","",draw_summary!A4) | B86: =IF(draw_summary!B4="","",draw_summary!B4) | C86: =IF(draw_summary!C4="","",draw_summary!C4) | D86: =IF(draw_summary!D4="","",draw_summary!D4) | E86: =IF(draw_summary!E4="","",draw_summary!E4) | F86: =IF(draw_summary!F4="","",draw_summary!F4) | G86: =IF(draw_summary!G4="","",draw_summary!G4) | H86: =IF(draw_summary!H4="","",draw_summary!H4) | U86: =IF(selection!H83=1,selection!M83,NA()) | V86: =IF(selection!H83=1,selection!N83,NA()) | W86: =IF(selection!H83=0,selection!M83,NA()) | X86: =IF(selection!H83=0,selection!N83,NA())
A87: =IF(draw_summary!A5="","",draw_summary!A5) | B87: =IF(draw_summary!B5="","",draw_summary!B5) | C87: =IF(draw_summary!C5="","",draw_summary!C5) | D87: =IF(draw_summary!D5="","",draw_summary!D5) | E87: =IF(draw_summary!E5="","",draw_summary!E5) | F87: =IF(draw_summary!F5="","",draw_summary!F5) | G87: =IF(draw_summary!G5="","",draw_summary!G5) | H87: =IF(draw_summary!H5="","",draw_summary!H5) | U87: =IF(selection!H84=1,selection!M84,NA()) | V87: =IF(selection!H84=1,selection!N84,NA()) | W87: =IF(selection!H84=0,selection!M84,NA()) | X87: =IF(selection!H84=0,selection!N84,NA())
A88: =IF(draw_summary!A6="","",draw_summary!A6) | B88: =IF(draw_summary!B6="","",draw_summary!B6) | C88: =IF(draw_summary!C6="","",draw_summary!C6) | D88: =IF(draw_summary!D6="","",draw_summary!D6) | E88: =IF(draw_summary!E6="","",draw_summary!E6) | F88: =IF(draw_summary!F6="","",draw_summary!F6) | G88: =IF(draw_summary!G6="","",draw_summary!G6) | H88: =IF(draw_summary!H6="","",draw_summary!H6) | U88: =IF(selection!H85=1,selection!M85,NA()) | V88: =IF(selection!H85=1,selection!N85,NA()) | W88: =IF(selection!H85=0,selection!M85,NA()) | X88: =IF(selection!H85=0,selection!N85,NA())
A89: =IF(draw_summary!A7="","",draw_summary!A7) | B89: =IF(draw_summary!B7="","",draw_summary!B7) | C89: =IF(draw_summary!C7="","",draw_summary!C7) | D89: =IF(draw_summary!D7="","",draw_summary!D7) | E89: =IF(draw_summary!E7="","",draw_summary!E7) | F89: =IF(draw_summary!F7="","",draw_summary!F7) | G89: =IF(draw_summary!G7="","",draw_summary!G7) | H89: =IF(draw_summary!H7="","",draw_summary!H7) | U89: =IF(selection!H86=1,selection!M86,NA()) | V89: =IF(selection!H86=1,selection!N86,NA()) | W89: =IF(selection!H86=0,selection!M86,NA()) | X89: =IF(selection!H86=0,selection!N86,NA())
A90: =IF(draw_summary!A8="","",draw_summary!A8) | B90: =IF(draw_summary!B8="","",draw_summary!B8) | C90: =IF(draw_summary!C8="","",draw_summary!C8) | D90: =IF(draw_summary!D8="","",draw_summary!D8) | E90: =IF(draw_summary!E8="","",draw_summary!E8) | F90: =IF(draw_summary!F8="","",draw_summary!F8) | G90: =IF(draw_summary!G8="","",draw_summary!G8) | H90: =IF(draw_summary!H8="","",draw_summary!H8) | U90: =IF(selection!H87=1,selection!M87,NA()) | V90: =IF(selection!H87=1,selection!N87,NA()) | W90: =IF(selection!H87=0,selection!M87,NA()) | X90: =IF(selection!H87=0,selection!N87,NA())
A91: =IF(draw_summary!A9="","",draw_summary!A9) | B91: =IF(draw_summary!B9="","",draw_summary!B9) | C91: =IF(draw_summary!C9="","",draw_summary!C9) | D91: =IF(draw_summary!D9="","",draw_summary!D9) | E91: =IF(draw_summary!E9="","",draw_summary!E9) | F91: =IF(draw_summary!F9="","",draw_summary!F9) | G91: =IF(draw_summary!G9="","",draw_summary!G9) | H91: =IF(draw_summary!H9="","",draw_summary!H9) | U91: =IF(selection!H88=1,selection!M88,NA()) | V91: =IF(selection!H88=1,selection!N88,NA()) | W91: =IF(selection!H88=0,selection!M88,NA()) | X91: =IF(selection!H88=0,selection!N88,NA())
A92: =IF(draw_summary!A10="","",draw_summary!A10) | B92: =IF(draw_summary!B10="","",draw_summary!B10) | C92: =IF(draw_summary!C10="","",draw_summary!C10) | D92: =IF(draw_summary!D10="","",draw_summary!D10) | E92: =IF(draw_summary!E10="","",draw_summary!E10) | F92: =IF(draw_summary!F10="","",draw_summary!F10) | G92: =IF(draw_summary!G10="","",draw_summary!G10) | H92: =IF(draw_summary!H10="","",draw_summary!H10) | U92: =IF(selection!H89=1,selection!M89,NA()) | V92: =IF(selection!H89=1,selection!N89,NA()) | W92: =IF(selection!H89=0,selection!M89,NA()) | X92: =IF(selection!H89=0,selection!N89,NA())
A93: =IF(draw_summary!A11="","",draw_summary!A11) | B93: =IF(draw_summary!B11="","",draw_summary!B11) | C93: =IF(draw_summary!C11="","",draw_summary!C11) | D93: =IF(draw_summary!D11="","",draw_summary!D11) | E93: =IF(draw_summary!E11="","",draw_summary!E11) | F93: =IF(draw_summary!F11="","",draw_summary!F11) | G93: =IF(draw_summary!G11="","",draw_summary!G11) | H93: =IF(draw_summary!H11="","",draw_summary!H11) | U93: =IF(selection!H90=1,selection!M90,NA()) | V93: =IF(selection!H90=1,selection!N90,NA()) | W93: =IF(selection!H90=0,selection!M90,NA()) | X93: =IF(selection!H90=0,selection!N90,NA())
A94: =IF(draw_summary!A12="","",draw_summary!A12) | B94: =IF(draw_summary!B12="","",draw_summary!B12) | C94: =IF(draw_summary!C12="","",draw_summary!C12) | D94: =IF(draw_summary!D12="","",draw_summary!D12) | E94: =IF(draw_summary!E12="","",draw_summary!E12) | F94: =IF(draw_summary!F12="","",draw_summary!F12) | G94: =IF(draw_summary!G12="","",draw_summary!G12) | H94: =IF(draw_summary!H12="","",draw_summary!H12) | U94: =IF(selection!H91=1,selection!M91,NA()) | V94: =IF(selection!H91=1,selection!N91,NA()) | W94: =IF(selection!H91=0,selection!M91,NA()) | X94: =IF(selection!H91=0,selection!N91,NA())
A95: =IF(draw_summary!A13="","",draw_summary!A13) | B95: =IF(draw_summary!B13="","",draw_summary!B13) | C95: =IF(draw_summary!C13="","",draw_summary!C13) | D95: =IF(draw_summary!D13="","",draw_summary!D13) | E95: =IF(draw_summary!E13="","",draw_summary!E13) | F95: =IF(draw_summary!F13="","",draw_summary!F13) | G95: =IF(draw_summary!G13="","",draw_summary!G13) | H95: =IF(draw_summary!H13="","",draw_summary!H13) | U95: =IF(selection!H92=1,selection!M92,NA()) | V95: =IF(selection!H92=1,selection!N92,NA()) | W95: =IF(selection!H92=0,selection!M92,NA()) | X95: =IF(selection!H92=0,selection!N92,NA())
... A123: =IF(draw_summary!A41="","",draw_summary!A41) | B123: =IF(draw_summary!B41="","",draw_summary!B41) | C123: =IF(draw_summary!C41="","",draw_summary!C41) | D123: =IF(draw_summary!D41="","",draw_summary!D41) | E123: =IF(draw_summary!E41="","",draw_summary!E41) | F123: =IF(draw_summary!F41="","",draw_summary!F41) | G123: =IF(draw_summary!G41="","",draw_summary!G41) | H123: =IF(draw_summary!H41="","",draw_summary!H41) | U123: =IF(selection!H120=1,selection!M120,NA()) | V123: =IF(selection!H120=1,selection!N120,NA()) | W123: =IF(selection!H120=0,selection!M120,NA()) | X123: =IF(selection!H120=0,selection!N120,NA())
U124: =IF(selection!H121=1,selection!M121,NA()) | V124: =IF(selection!H121=1,selection!N121,NA()) | W124: =IF(selection!H121=0,selection!M121,NA()) | X124: =IF(selection!H121=0,selection!N121,NA())
A125: Selected and reserve units (selection.csv, first 60 rows; the file holds all) | U125: =IF(selection!H122=1,selection!M122,NA()) | V125: =IF(selection!H122=1,selection!N122,NA()) | W125: =IF(selection!H122=0,selection!M122,NA()) | X125: =IF(selection!H122=0,selection!N122,NA())
A126: unit_id | B126: stratum | C126: size | D126: order | E126: key | F126: cum_size | G126: selection_number | H126: selected | I126: reserve | J126: rank | K126: prob | L126: weight | M126: x | N126: y | U126: =IF(selection!H123=1,selection!M123,NA()) | V126: =IF(selection!H123=1,selection!N123,NA()) | W126: =IF(selection!H123=0,selection!M123,NA()) | X126: =IF(selection!H123=0,selection!N123,NA())
A127: =IF(selection!A2="","",selection!A2) | B127: =IF(selection!B2="","",selection!B2) | C127: =IF(selection!C2="","",selection!C2) | D127: =IF(selection!D2="","",selection!D2) | E127: =IF(selection!E2="","",selection!E2) | F127: =IF(selection!F2="","",selection!F2) | G127: =IF(selection!G2="","",selection!G2) | H127: =IF(selection!H2="","",selection!H2) | ... N127: =IF(selection!N2="","",selection!N2) | U127: =IF(selection!H124=1,selection!M124,NA()) | V127: =IF(selection!H124=1,selection!N124,NA()) | W127: =IF(selection!H124=0,selection!M124,NA()) | X127: =IF(selection!H124=0,selection!N124,NA())
A128: =IF(selection!A3="","",selection!A3) | B128: =IF(selection!B3="","",selection!B3) | C128: =IF(selection!C3="","",selection!C3) | D128: =IF(selection!D3="","",selection!D3) | E128: =IF(selection!E3="","",selection!E3) | F128: =IF(selection!F3="","",selection!F3) | G128: =IF(selection!G3="","",selection!G3) | H128: =IF(selection!H3="","",selection!H3) | ... N128: =IF(selection!N3="","",selection!N3) | U128: =IF(selection!H125=1,selection!M125,NA()) | V128: =IF(selection!H125=1,selection!N125,NA()) | W128: =IF(selection!H125=0,selection!M125,NA()) | X128: =IF(selection!H125=0,selection!N125,NA())
A129: =IF(selection!A4="","",selection!A4) | B129: =IF(selection!B4="","",selection!B4) | C129: =IF(selection!C4="","",selection!C4) | D129: =IF(selection!D4="","",selection!D4) | E129: =IF(selection!E4="","",selection!E4) | F129: =IF(selection!F4="","",selection!F4) | G129: =IF(selection!G4="","",selection!G4) | H129: =IF(selection!H4="","",selection!H4) | ... N129: =IF(selection!N4="","",selection!N4) | U129: =IF(selection!H126=1,selection!M126,NA()) | V129: =IF(selection!H126=1,selection!N126,NA()) | W129: =IF(selection!H126=0,selection!M126,NA()) | X129: =IF(selection!H126=0,selection!N126,NA())
A130: =IF(selection!A5="","",selection!A5) | B130: =IF(selection!B5="","",selection!B5) | C130: =IF(selection!C5="","",selection!C5) | D130: =IF(selection!D5="","",selection!D5) | E130: =IF(selection!E5="","",selection!E5) | F130: =IF(selection!F5="","",selection!F5) | G130: =IF(selection!G5="","",selection!G5) | H130: =IF(selection!H5="","",selection!H5) | ... N130: =IF(selection!N5="","",selection!N5) | U130: =IF(selection!H127=1,selection!M127,NA()) | V130: =IF(selection!H127=1,selection!N127,NA()) | W130: =IF(selection!H127=0,selection!M127,NA()) | X130: =IF(selection!H127=0,selection!N127,NA())
A131: =IF(selection!A6="","",selection!A6) | B131: =IF(selection!B6="","",selection!B6) | C131: =IF(selection!C6="","",selection!C6) | D131: =IF(selection!D6="","",selection!D6) | E131: =IF(selection!E6="","",selection!E6) | F131: =IF(selection!F6="","",selection!F6) | G131: =IF(selection!G6="","",selection!G6) | H131: =IF(selection!H6="","",selection!H6) | ... N131: =IF(selection!N6="","",selection!N6) | U131: =IF(selection!H128=1,selection!M128,NA()) | V131: =IF(selection!H128=1,selection!N128,NA()) | W131: =IF(selection!H128=0,selection!M128,NA()) | X131: =IF(selection!H128=0,selection!N128,NA())
A132: =IF(selection!A7="","",selection!A7) | B132: =IF(selection!B7="","",selection!B7) | C132: =IF(selection!C7="","",selection!C7) | D132: =IF(selection!D7="","",selection!D7) | E132: =IF(selection!E7="","",selection!E7) | F132: =IF(selection!F7="","",selection!F7) | G132: =IF(selection!G7="","",selection!G7) | H132: =IF(selection!H7="","",selection!H7) | ... N132: =IF(selection!N7="","",selection!N7) | U132: =IF(selection!H129=1,selection!M129,NA()) | V132: =IF(selection!H129=1,selection!N129,NA()) | W132: =IF(selection!H129=0,selection!M129,NA()) | X132: =IF(selection!H129=0,selection!N129,NA())
A133: =IF(selection!A8="","",selection!A8) | B133: =IF(selection!B8="","",selection!B8) | C133: =IF(selection!C8="","",selection!C8) | D133: =IF(selection!D8="","",selection!D8) | E133: =IF(selection!E8="","",selection!E8) | F133: =IF(selection!F8="","",selection!F8) | G133: =IF(selection!G8="","",selection!G8) | H133: =IF(selection!H8="","",selection!H8) | ... N133: =IF(selection!N8="","",selection!N8) | U133: =IF(selection!H130=1,selection!M130,NA()) | V133: =IF(selection!H130=1,selection!N130,NA()) | W133: =IF(selection!H130=0,selection!M130,NA()) | X133: =IF(selection!H130=0,selection!N130,NA())
A134: =IF(selection!A9="","",selection!A9) | B134: =IF(selection!B9="","",selection!B9) | C134: =IF(selection!C9="","",selection!C9) | D134: =IF(selection!D9="","",selection!D9) | E134: =IF(selection!E9="","",selection!E9) | F134: =IF(selection!F9="","",selection!F9) | G134: =IF(selection!G9="","",selection!G9) | H134: =IF(selection!H9="","",selection!H9) | ... N134: =IF(selection!N9="","",selection!N9) | U134: =IF(selection!H131=1,selection!M131,NA()) | V134: =IF(selection!H131=1,selection!N131,NA()) | W134: =IF(selection!H131=0,selection!M131,NA()) | X134: =IF(selection!H131=0,selection!N131,NA())
A135: =IF(selection!A10="","",selection!A10) | B135: =IF(selection!B10="","",selection!B10) | C135: =IF(selection!C10="","",selection!C10) | D135: =IF(selection!D10="","",selection!D10) | E135: =IF(selection!E10="","",selection!E10) | F135: =IF(selection!F10="","",selection!F10) | G135: =IF(selection!G10="","",selection!G10) | H135: =IF(selection!H10="","",selection!H10) | ... N135: =IF(selection!N10="","",selection!N10) | U135: =IF(selection!H132=1,selection!M132,NA()) | V135: =IF(selection!H132=1,selection!N132,NA()) | W135: =IF(selection!H132=0,selection!M132,NA()) | X135: =IF(selection!H132=0,selection!N132,NA())
A136: =IF(selection!A11="","",selection!A11) | B136: =IF(selection!B11="","",selection!B11) | C136: =IF(selection!C11="","",selection!C11) | D136: =IF(selection!D11="","",selection!D11) | E136: =IF(selection!E11="","",selection!E11) | F136: =IF(selection!F11="","",selection!F11) | G136: =IF(selection!G11="","",selection!G11) | H136: =IF(selection!H11="","",selection!H11) | ... N136: =IF(selection!N11="","",selection!N11) | U136: =IF(selection!H133=1,selection!M133,NA()) | V136: =IF(selection!H133=1,selection!N133,NA()) | W136: =IF(selection!H133=0,selection!M133,NA()) | X136: =IF(selection!H133=0,selection!N133,NA())
A137: =IF(selection!A12="","",selection!A12) | B137: =IF(selection!B12="","",selection!B12) | C137: =IF(selection!C12="","",selection!C12) | D137: =IF(selection!D12="","",selection!D12) | E137: =IF(selection!E12="","",selection!E12) | F137: =IF(selection!F12="","",selection!F12) | G137: =IF(selection!G12="","",selection!G12) | H137: =IF(selection!H12="","",selection!H12) | ... N137: =IF(selection!N12="","",selection!N12) | U137: =IF(selection!H134=1,selection!M134,NA()) | V137: =IF(selection!H134=1,selection!N134,NA()) | W137: =IF(selection!H134=0,selection!M134,NA()) | X137: =IF(selection!H134=0,selection!N134,NA())
A138: =IF(selection!A13="","",selection!A13) | B138: =IF(selection!B13="","",selection!B13) | C138: =IF(selection!C13="","",selection!C13) | D138: =IF(selection!D13="","",selection!D13) | E138: =IF(selection!E13="","",selection!E13) | F138: =IF(selection!F13="","",selection!F13) | G138: =IF(selection!G13="","",selection!G13) | H138: =IF(selection!H13="","",selection!H13) | ... N138: =IF(selection!N13="","",selection!N13) | U138: =IF(selection!H135=1,selection!M135,NA()) | V138: =IF(selection!H135=1,selection!N135,NA()) | W138: =IF(selection!H135=0,selection!M135,NA()) | X138: =IF(selection!H135=0,selection!N135,NA())
... A186: =IF(selection!A61="","",selection!A61) | B186: =IF(selection!B61="","",selection!B61) | C186: =IF(selection!C61="","",selection!C61) | D186: =IF(selection!D61="","",selection!D61) | E186: =IF(selection!E61="","",selection!E61) | F186: =IF(selection!F61="","",selection!F61) | G186: =IF(selection!G61="","",selection!G61) | H186: =IF(selection!H61="","",selection!H61) | ... N186: =IF(selection!N61="","",selection!N61) | U186: =IF(selection!H183=1,selection!M183,NA()) | V186: =IF(selection!H183=1,selection!N183,NA()) | W186: =IF(selection!H183=0,selection!M183,NA()) | X186: =IF(selection!H183=0,selection!N183,NA())
U187: =IF(selection!H184=1,selection!M184,NA()) | V187: =IF(selection!H184=1,selection!N184,NA()) | W187: =IF(selection!H184=0,selection!M184,NA()) | X187: =IF(selection!H184=0,selection!N184,NA())
U188: =IF(selection!H185=1,selection!M185,NA()) | V188: =IF(selection!H185=1,selection!N185,NA()) | W188: =IF(selection!H185=0,selection!M185,NA()) | X188: =IF(selection!H185=0,selection!N185,NA())
U189: =IF(selection!H186=1,selection!M186,NA()) | V189: =IF(selection!H186=1,selection!N186,NA()) | W189: =IF(selection!H186=0,selection!M186,NA()) | X189: =IF(selection!H186=0,selection!N186,NA())
U190: =IF(selection!H187=1,selection!M187,NA()) | V190: =IF(selection!H187=1,selection!N187,NA()) | W190: =IF(selection!H187=0,selection!M187,NA()) | X190: =IF(selection!H187=0,selection!N187,NA())
U191: =IF(selection!H188=1,selection!M188,NA()) | V191: =IF(selection!H188=1,selection!N188,NA()) | W191: =IF(selection!H188=0,selection!M188,NA()) | X191: =IF(selection!H188=0,selection!N188,NA())
U192: =IF(selection!H189=1,selection!M189,NA()) | V192: =IF(selection!H189=1,selection!N189,NA()) | W192: =IF(selection!H189=0,selection!M189,NA()) | X192: =IF(selection!H189=0,selection!N189,NA())
U193: =IF(selection!H190=1,selection!M190,NA()) | V193: =IF(selection!H190=1,selection!N190,NA()) | W193: =IF(selection!H190=0,selection!M190,NA()) | X193: =IF(selection!H190=0,selection!N190,NA())
U194: =IF(selection!H191=1,selection!M191,NA()) | V194: =IF(selection!H191=1,selection!N191,NA()) | W194: =IF(selection!H191=0,selection!M191,NA()) | X194: =IF(selection!H191=0,selection!N191,NA())
U195: =IF(selection!H192=1,selection!M192,NA()) | V195: =IF(selection!H192=1,selection!N192,NA()) | W195: =IF(selection!H192=0,selection!M192,NA()) | X195: =IF(selection!H192=0,selection!N192,NA())
U196: =IF(selection!H193=1,selection!M193,NA()) | V196: =IF(selection!H193=1,selection!N193,NA()) | W196: =IF(selection!H193=0,selection!M193,NA()) | X196: =IF(selection!H193=0,selection!N193,NA())
U197: =IF(selection!H194=1,selection!M194,NA()) | V197: =IF(selection!H194=1,selection!N194,NA()) | W197: =IF(selection!H194=0,selection!M194,NA()) | X197: =IF(selection!H194=0,selection!N194,NA())
U198: =IF(selection!H195=1,selection!M195,NA()) | V198: =IF(selection!H195=1,selection!N195,NA()) | W198: =IF(selection!H195=0,selection!M195,NA()) | X198: =IF(selection!H195=0,selection!N195,NA())
... U2004: =IF(selection!H2001=1,selection!M2001,NA()) | V2004: =IF(selection!H2001=1,selection!N2001,NA()) | W2004: =IF(selection!H2001=0,selection!M2001,NA()) | X2004: =IF(selection!H2001=0,selection!N2001,NA())

Sheet Frame
A1: Frame: what Stata exported for this run
A2: List-frame checks or the grid frame as computed in Stata; nothing is recalculated here (see Notes).
A4: Run | U4: units: x | V4: units: y
A5: Run id | B5: =IFERROR(INDEX(manifest!$B:$B,MATCH("run_id",manifest!$A:$A,0)),"not in this export") | U5: =IF(frame_units!E2<>"",frame_units!E2,NA()) | V5: =IF(frame_units!E2<>"",frame_units!F2,NA())
A6: Step | B6: =IFERROR(INDEX(manifest!$B:$B,MATCH("step",manifest!$A:$A,0)),"not in this export") | U6: =IF(frame_units!E3<>"",frame_units!E3,NA()) | V6: =IF(frame_units!E3<>"",frame_units!F3,NA())
A7: Started | B7: =IFERROR(INDEX(manifest!$B:$B,MATCH("started",manifest!$A:$A,0)),"not in this export") | U7: =IF(frame_units!E4<>"",frame_units!E4,NA()) | V7: =IF(frame_units!E4<>"",frame_units!F4,NA())
A8: Status | B8: =IFERROR(INDEX(manifest!$B:$B,MATCH("status",manifest!$A:$A,0)),"not in this export") | U8: =IF(frame_units!E5<>"",frame_units!E5,NA()) | V8: =IF(frame_units!E5<>"",frame_units!F5,NA())
A9: Source (ado or do-file) | B9: =IFERROR(INDEX(manifest!$B:$B,MATCH("source",manifest!$A:$A,0)),"not in this export") | U9: =IF(frame_units!E6<>"",frame_units!E6,NA()) | V9: =IF(frame_units!E6<>"",frame_units!F6,NA())
A10: Input file | B10: =IFERROR(INDEX(manifest!$B:$B,MATCH("input_file",manifest!$A:$A,0)),"not in this export") | U10: =IF(frame_units!E7<>"",frame_units!E7,NA()) | V10: =IF(frame_units!E7<>"",frame_units!F7,NA())
A11: Input rows | B11: =IFERROR(INDEX(manifest!$B:$B,MATCH("input_rows",manifest!$A:$A,0)),"not in this export") | U11: =IF(frame_units!E8<>"",frame_units!E8,NA()) | V11: =IF(frame_units!E8<>"",frame_units!F8,NA())
A12: Command | B12: =IFERROR(INDEX(manifest!$B:$B,MATCH("command",manifest!$A:$A,0)),"not in this export") | U12: =IF(frame_units!E9<>"",frame_units!E9,NA()) | V12: =IF(frame_units!E9<>"",frame_units!F9,NA())
U13: =IF(frame_units!E10<>"",frame_units!E10,NA()) | V13: =IF(frame_units!E10<>"",frame_units!F10,NA())
A14: Key numbers (r() results of the command) | U14: =IF(frame_units!E11<>"",frame_units!E11,NA()) | V14: =IF(frame_units!E11<>"",frame_units!F11,NA())
A15: Units | B15: =IFERROR(INDEX(manifest!$B:$B,MATCH("summary_N",manifest!$A:$A,0)),"not in this export") | U15: =IF(frame_units!E12<>"",frame_units!E12,NA()) | V15: =IF(frame_units!E12<>"",frame_units!F12,NA())
A16: Usable units | B16: =IFERROR(INDEX(manifest!$B:$B,MATCH("summary_N_ok",manifest!$A:$A,0)),"not in this export") | U16: =IF(frame_units!E13<>"",frame_units!E13,NA()) | V16: =IF(frame_units!E13<>"",frame_units!F13,NA())
A17: Duplicate identifiers | B17: =IFERROR(INDEX(manifest!$B:$B,MATCH("summary_n_dup",manifest!$A:$A,0)),"not in this export") | U17: =IF(frame_units!E14<>"",frame_units!E14,NA()) | V17: =IF(frame_units!E14<>"",frame_units!F14,NA())
A18: Bad sizes | B18: =IFERROR(INDEX(manifest!$B:$B,MATCH("summary_n_badsize",manifest!$A:$A,0)),"not in this export") | U18: =IF(frame_units!E15<>"",frame_units!E15,NA()) | V18: =IF(frame_units!E15<>"",frame_units!F15,NA())
A19: Small units or cells | B19: =IFERROR(INDEX(manifest!$B:$B,MATCH("summary_n_small",manifest!$A:$A,0)),"not in this export") | U19: =IF(frame_units!E16<>"",frame_units!E16,NA()) | V19: =IF(frame_units!E16<>"",frame_units!F16,NA())
A20: Large units | B20: =IFERROR(INDEX(manifest!$B:$B,MATCH("summary_n_large",manifest!$A:$A,0)),"not in this export") | U20: =IF(frame_units!E17<>"",frame_units!E17,NA()) | V20: =IF(frame_units!E17<>"",frame_units!F17,NA())
A21: Excluded | B21: =IFERROR(INDEX(manifest!$B:$B,MATCH("summary_n_excluded",manifest!$A:$A,0)),"not in this export") | U21: =IF(frame_units!E18<>"",frame_units!E18,NA()) | V21: =IF(frame_units!E18<>"",frame_units!F18,NA())
A22: Strata | B22: =IFERROR(INDEX(manifest!$B:$B,MATCH("summary_H",manifest!$A:$A,0)),"not in this export") | U22: =IF(frame_units!E19<>"",frame_units!E19,NA()) | V22: =IF(frame_units!E19<>"",frame_units!F19,NA())
A23: Grid cells | B23: =IFERROR(INDEX(manifest!$B:$B,MATCH("summary_N_cells",manifest!$A:$A,0)),"not in this export") | U23: =IF(frame_units!E20<>"",frame_units!E20,NA()) | V23: =IF(frame_units!E20<>"",frame_units!F20,NA())
A24: Boundary polygons | B24: =IFERROR(INDEX(manifest!$B:$B,MATCH("summary_n_polygons",manifest!$A:$A,0)),"not in this export") | U24: =IF(frame_units!E21<>"",frame_units!E21,NA()) | V24: =IF(frame_units!E21<>"",frame_units!F21,NA())
A25: Cells straddling a boundary | B25: =IFERROR(INDEX(manifest!$B:$B,MATCH("summary_n_straddle",manifest!$A:$A,0)),"not in this export") | U25: =IF(frame_units!E22<>"",frame_units!E22,NA()) | V25: =IF(frame_units!E22<>"",frame_units!F22,NA())
A26: Population inside the boundaries | B26: =IFERROR(INDEX(manifest!$B:$B,MATCH("summary_pop_inside",manifest!$A:$A,0)),"not in this export") | U26: =IF(frame_units!E23<>"",frame_units!E23,NA()) | V26: =IF(frame_units!E23<>"",frame_units!F23,NA())
A27: Population outside | B27: =IFERROR(INDEX(manifest!$B:$B,MATCH("summary_pop_outside",manifest!$A:$A,0)),"not in this export") | U27: =IF(frame_units!E24<>"",frame_units!E24,NA()) | V27: =IF(frame_units!E24<>"",frame_units!F24,NA())
A28: Pixels outside | B28: =IFERROR(INDEX(manifest!$B:$B,MATCH("summary_pixels_outside",manifest!$A:$A,0)),"not in this export") | U28: =IF(frame_units!E25<>"",frame_units!E25,NA()) | V28: =IF(frame_units!E25<>"",frame_units!F25,NA())
A29: Cell size (m) | B29: =IFERROR(INDEX(manifest!$B:$B,MATCH("summary_cellsize",manifest!$A:$A,0)),"not in this export") | U29: =IF(frame_units!E26<>"",frame_units!E26,NA()) | V29: =IF(frame_units!E26<>"",frame_units!F26,NA())
A30: Pixel size (m) | B30: =IFERROR(INDEX(manifest!$B:$B,MATCH("summary_pixelsize",manifest!$A:$A,0)),"not in this export") | U30: =IF(frame_units!E27<>"",frame_units!E27,NA()) | V30: =IF(frame_units!E27<>"",frame_units!F27,NA())
A31: Cells with replacement candidates | B31: =IFERROR(INDEX(manifest!$B:$B,MATCH("summary_n_with_candidates",manifest!$A:$A,0)),"not in this export") | U31: =IF(frame_units!E28<>"",frame_units!E28,NA()) | V31: =IF(frame_units!E28<>"",frame_units!F28,NA())
A32: Parts after a split | B32: =IFERROR(INDEX(manifest!$B:$B,MATCH("summary_n_parts",manifest!$A:$A,0)),"not in this export") | U32: =IF(frame_units!E29<>"",frame_units!E29,NA()) | V32: =IF(frame_units!E29<>"",frame_units!F29,NA())
U33: =IF(frame_units!E30<>"",frame_units!E30,NA()) | V33: =IF(frame_units!E30<>"",frame_units!F30,NA())
A34: Summary by stratum (frame_summary.csv) | U34: =IF(frame_units!E31<>"",frame_units!E31,NA()) | V34: =IF(frame_units!E31<>"",frame_units!F31,NA())
A35: stratum | B35: n_units | C35: size_sum | D35: size_min | E35: size_p50 | F35: size_max | G35: n_flagged | U35: =IF(frame_units!E32<>"",frame_units!E32,NA()) | V35: =IF(frame_units!E32<>"",frame_units!F32,NA())
A36: =IF(frame_summary!A2="","",frame_summary!A2) | B36: =IF(frame_summary!B2="","",frame_summary!B2) | C36: =IF(frame_summary!C2="","",frame_summary!C2) | D36: =IF(frame_summary!D2="","",frame_summary!D2) | E36: =IF(frame_summary!E2="","",frame_summary!E2) | F36: =IF(frame_summary!F2="","",frame_summary!F2) | G36: =IF(frame_summary!G2="","",frame_summary!G2) | U36: =IF(frame_units!E33<>"",frame_units!E33,NA()) | V36: =IF(frame_units!E33<>"",frame_units!F33,NA())
A37: =IF(frame_summary!A3="","",frame_summary!A3) | B37: =IF(frame_summary!B3="","",frame_summary!B3) | C37: =IF(frame_summary!C3="","",frame_summary!C3) | D37: =IF(frame_summary!D3="","",frame_summary!D3) | E37: =IF(frame_summary!E3="","",frame_summary!E3) | F37: =IF(frame_summary!F3="","",frame_summary!F3) | G37: =IF(frame_summary!G3="","",frame_summary!G3) | U37: =IF(frame_units!E34<>"",frame_units!E34,NA()) | V37: =IF(frame_units!E34<>"",frame_units!F34,NA())
A38: =IF(frame_summary!A4="","",frame_summary!A4) | B38: =IF(frame_summary!B4="","",frame_summary!B4) | C38: =IF(frame_summary!C4="","",frame_summary!C4) | D38: =IF(frame_summary!D4="","",frame_summary!D4) | E38: =IF(frame_summary!E4="","",frame_summary!E4) | F38: =IF(frame_summary!F4="","",frame_summary!F4) | G38: =IF(frame_summary!G4="","",frame_summary!G4) | U38: =IF(frame_units!E35<>"",frame_units!E35,NA()) | V38: =IF(frame_units!E35<>"",frame_units!F35,NA())
A39: =IF(frame_summary!A5="","",frame_summary!A5) | B39: =IF(frame_summary!B5="","",frame_summary!B5) | C39: =IF(frame_summary!C5="","",frame_summary!C5) | D39: =IF(frame_summary!D5="","",frame_summary!D5) | E39: =IF(frame_summary!E5="","",frame_summary!E5) | F39: =IF(frame_summary!F5="","",frame_summary!F5) | G39: =IF(frame_summary!G5="","",frame_summary!G5) | U39: =IF(frame_units!E36<>"",frame_units!E36,NA()) | V39: =IF(frame_units!E36<>"",frame_units!F36,NA())
A40: =IF(frame_summary!A6="","",frame_summary!A6) | B40: =IF(frame_summary!B6="","",frame_summary!B6) | C40: =IF(frame_summary!C6="","",frame_summary!C6) | D40: =IF(frame_summary!D6="","",frame_summary!D6) | E40: =IF(frame_summary!E6="","",frame_summary!E6) | F40: =IF(frame_summary!F6="","",frame_summary!F6) | G40: =IF(frame_summary!G6="","",frame_summary!G6) | U40: =IF(frame_units!E37<>"",frame_units!E37,NA()) | V40: =IF(frame_units!E37<>"",frame_units!F37,NA())
A41: =IF(frame_summary!A7="","",frame_summary!A7) | B41: =IF(frame_summary!B7="","",frame_summary!B7) | C41: =IF(frame_summary!C7="","",frame_summary!C7) | D41: =IF(frame_summary!D7="","",frame_summary!D7) | E41: =IF(frame_summary!E7="","",frame_summary!E7) | F41: =IF(frame_summary!F7="","",frame_summary!F7) | G41: =IF(frame_summary!G7="","",frame_summary!G7) | U41: =IF(frame_units!E38<>"",frame_units!E38,NA()) | V41: =IF(frame_units!E38<>"",frame_units!F38,NA())
A42: =IF(frame_summary!A8="","",frame_summary!A8) | B42: =IF(frame_summary!B8="","",frame_summary!B8) | C42: =IF(frame_summary!C8="","",frame_summary!C8) | D42: =IF(frame_summary!D8="","",frame_summary!D8) | E42: =IF(frame_summary!E8="","",frame_summary!E8) | F42: =IF(frame_summary!F8="","",frame_summary!F8) | G42: =IF(frame_summary!G8="","",frame_summary!G8) | U42: =IF(frame_units!E39<>"",frame_units!E39,NA()) | V42: =IF(frame_units!E39<>"",frame_units!F39,NA())
A43: =IF(frame_summary!A9="","",frame_summary!A9) | B43: =IF(frame_summary!B9="","",frame_summary!B9) | C43: =IF(frame_summary!C9="","",frame_summary!C9) | D43: =IF(frame_summary!D9="","",frame_summary!D9) | E43: =IF(frame_summary!E9="","",frame_summary!E9) | F43: =IF(frame_summary!F9="","",frame_summary!F9) | G43: =IF(frame_summary!G9="","",frame_summary!G9) | U43: =IF(frame_units!E40<>"",frame_units!E40,NA()) | V43: =IF(frame_units!E40<>"",frame_units!F40,NA())
A44: =IF(frame_summary!A10="","",frame_summary!A10) | B44: =IF(frame_summary!B10="","",frame_summary!B10) | C44: =IF(frame_summary!C10="","",frame_summary!C10) | D44: =IF(frame_summary!D10="","",frame_summary!D10) | E44: =IF(frame_summary!E10="","",frame_summary!E10) | F44: =IF(frame_summary!F10="","",frame_summary!F10) | G44: =IF(frame_summary!G10="","",frame_summary!G10) | U44: =IF(frame_units!E41<>"",frame_units!E41,NA()) | V44: =IF(frame_units!E41<>"",frame_units!F41,NA())
A45: =IF(frame_summary!A11="","",frame_summary!A11) | B45: =IF(frame_summary!B11="","",frame_summary!B11) | C45: =IF(frame_summary!C11="","",frame_summary!C11) | D45: =IF(frame_summary!D11="","",frame_summary!D11) | E45: =IF(frame_summary!E11="","",frame_summary!E11) | F45: =IF(frame_summary!F11="","",frame_summary!F11) | G45: =IF(frame_summary!G11="","",frame_summary!G11) | U45: =IF(frame_units!E42<>"",frame_units!E42,NA()) | V45: =IF(frame_units!E42<>"",frame_units!F42,NA())
A46: =IF(frame_summary!A12="","",frame_summary!A12) | B46: =IF(frame_summary!B12="","",frame_summary!B12) | C46: =IF(frame_summary!C12="","",frame_summary!C12) | D46: =IF(frame_summary!D12="","",frame_summary!D12) | E46: =IF(frame_summary!E12="","",frame_summary!E12) | F46: =IF(frame_summary!F12="","",frame_summary!F12) | G46: =IF(frame_summary!G12="","",frame_summary!G12) | U46: =IF(frame_units!E43<>"",frame_units!E43,NA()) | V46: =IF(frame_units!E43<>"",frame_units!F43,NA())
A47: =IF(frame_summary!A13="","",frame_summary!A13) | B47: =IF(frame_summary!B13="","",frame_summary!B13) | C47: =IF(frame_summary!C13="","",frame_summary!C13) | D47: =IF(frame_summary!D13="","",frame_summary!D13) | E47: =IF(frame_summary!E13="","",frame_summary!E13) | F47: =IF(frame_summary!F13="","",frame_summary!F13) | G47: =IF(frame_summary!G13="","",frame_summary!G13) | U47: =IF(frame_units!E44<>"",frame_units!E44,NA()) | V47: =IF(frame_units!E44<>"",frame_units!F44,NA())
... A75: =IF(frame_summary!A41="","",frame_summary!A41) | B75: =IF(frame_summary!B41="","",frame_summary!B41) | C75: =IF(frame_summary!C41="","",frame_summary!C41) | D75: =IF(frame_summary!D41="","",frame_summary!D41) | E75: =IF(frame_summary!E41="","",frame_summary!E41) | F75: =IF(frame_summary!F41="","",frame_summary!F41) | G75: =IF(frame_summary!G41="","",frame_summary!G41) | U75: =IF(frame_units!E72<>"",frame_units!E72,NA()) | V75: =IF(frame_units!E72<>"",frame_units!F72,NA())
U76: =IF(frame_units!E73<>"",frame_units!E73,NA()) | V76: =IF(frame_units!E73<>"",frame_units!F73,NA())
A77: Replacement candidates (replacements.csv) | U77: =IF(frame_units!E74<>"",frame_units!E74,NA()) | V77: =IF(frame_units!E74<>"",frame_units!F74,NA())
A78: unit_id | B78: candidate_id | C78: rank | D78: distance | E78: stratum | F78: adjacency | U78: =IF(frame_units!E75<>"",frame_units!E75,NA()) | V78: =IF(frame_units!E75<>"",frame_units!F75,NA())
A79: =IF(replacements!A2="","",replacements!A2) | B79: =IF(replacements!B2="","",replacements!B2) | C79: =IF(replacements!C2="","",replacements!C2) | D79: =IF(replacements!D2="","",replacements!D2) | E79: =IF(replacements!E2="","",replacements!E2) | F79: =IF(replacements!F2="","",replacements!F2) | U79: =IF(frame_units!E76<>"",frame_units!E76,NA()) | V79: =IF(frame_units!E76<>"",frame_units!F76,NA())
A80: =IF(replacements!A3="","",replacements!A3) | B80: =IF(replacements!B3="","",replacements!B3) | C80: =IF(replacements!C3="","",replacements!C3) | D80: =IF(replacements!D3="","",replacements!D3) | E80: =IF(replacements!E3="","",replacements!E3) | F80: =IF(replacements!F3="","",replacements!F3) | U80: =IF(frame_units!E77<>"",frame_units!E77,NA()) | V80: =IF(frame_units!E77<>"",frame_units!F77,NA())
A81: =IF(replacements!A4="","",replacements!A4) | B81: =IF(replacements!B4="","",replacements!B4) | C81: =IF(replacements!C4="","",replacements!C4) | D81: =IF(replacements!D4="","",replacements!D4) | E81: =IF(replacements!E4="","",replacements!E4) | F81: =IF(replacements!F4="","",replacements!F4) | U81: =IF(frame_units!E78<>"",frame_units!E78,NA()) | V81: =IF(frame_units!E78<>"",frame_units!F78,NA())
A82: =IF(replacements!A5="","",replacements!A5) | B82: =IF(replacements!B5="","",replacements!B5) | C82: =IF(replacements!C5="","",replacements!C5) | D82: =IF(replacements!D5="","",replacements!D5) | E82: =IF(replacements!E5="","",replacements!E5) | F82: =IF(replacements!F5="","",replacements!F5) | U82: =IF(frame_units!E79<>"",frame_units!E79,NA()) | V82: =IF(frame_units!E79<>"",frame_units!F79,NA())
A83: =IF(replacements!A6="","",replacements!A6) | B83: =IF(replacements!B6="","",replacements!B6) | C83: =IF(replacements!C6="","",replacements!C6) | D83: =IF(replacements!D6="","",replacements!D6) | E83: =IF(replacements!E6="","",replacements!E6) | F83: =IF(replacements!F6="","",replacements!F6) | U83: =IF(frame_units!E80<>"",frame_units!E80,NA()) | V83: =IF(frame_units!E80<>"",frame_units!F80,NA())
A84: =IF(replacements!A7="","",replacements!A7) | B84: =IF(replacements!B7="","",replacements!B7) | C84: =IF(replacements!C7="","",replacements!C7) | D84: =IF(replacements!D7="","",replacements!D7) | E84: =IF(replacements!E7="","",replacements!E7) | F84: =IF(replacements!F7="","",replacements!F7) | U84: =IF(frame_units!E81<>"",frame_units!E81,NA()) | V84: =IF(frame_units!E81<>"",frame_units!F81,NA())
A85: =IF(replacements!A8="","",replacements!A8) | B85: =IF(replacements!B8="","",replacements!B8) | C85: =IF(replacements!C8="","",replacements!C8) | D85: =IF(replacements!D8="","",replacements!D8) | E85: =IF(replacements!E8="","",replacements!E8) | F85: =IF(replacements!F8="","",replacements!F8) | U85: =IF(frame_units!E82<>"",frame_units!E82,NA()) | V85: =IF(frame_units!E82<>"",frame_units!F82,NA())
A86: =IF(replacements!A9="","",replacements!A9) | B86: =IF(replacements!B9="","",replacements!B9) | C86: =IF(replacements!C9="","",replacements!C9) | D86: =IF(replacements!D9="","",replacements!D9) | E86: =IF(replacements!E9="","",replacements!E9) | F86: =IF(replacements!F9="","",replacements!F9) | U86: =IF(frame_units!E83<>"",frame_units!E83,NA()) | V86: =IF(frame_units!E83<>"",frame_units!F83,NA())
A87: =IF(replacements!A10="","",replacements!A10) | B87: =IF(replacements!B10="","",replacements!B10) | C87: =IF(replacements!C10="","",replacements!C10) | D87: =IF(replacements!D10="","",replacements!D10) | E87: =IF(replacements!E10="","",replacements!E10) | F87: =IF(replacements!F10="","",replacements!F10) | U87: =IF(frame_units!E84<>"",frame_units!E84,NA()) | V87: =IF(frame_units!E84<>"",frame_units!F84,NA())
A88: =IF(replacements!A11="","",replacements!A11) | B88: =IF(replacements!B11="","",replacements!B11) | C88: =IF(replacements!C11="","",replacements!C11) | D88: =IF(replacements!D11="","",replacements!D11) | E88: =IF(replacements!E11="","",replacements!E11) | F88: =IF(replacements!F11="","",replacements!F11) | U88: =IF(frame_units!E85<>"",frame_units!E85,NA()) | V88: =IF(frame_units!E85<>"",frame_units!F85,NA())
A89: =IF(replacements!A12="","",replacements!A12) | B89: =IF(replacements!B12="","",replacements!B12) | C89: =IF(replacements!C12="","",replacements!C12) | D89: =IF(replacements!D12="","",replacements!D12) | E89: =IF(replacements!E12="","",replacements!E12) | F89: =IF(replacements!F12="","",replacements!F12) | U89: =IF(frame_units!E86<>"",frame_units!E86,NA()) | V89: =IF(frame_units!E86<>"",frame_units!F86,NA())
A90: =IF(replacements!A13="","",replacements!A13) | B90: =IF(replacements!B13="","",replacements!B13) | C90: =IF(replacements!C13="","",replacements!C13) | D90: =IF(replacements!D13="","",replacements!D13) | E90: =IF(replacements!E13="","",replacements!E13) | F90: =IF(replacements!F13="","",replacements!F13) | U90: =IF(frame_units!E87<>"",frame_units!E87,NA()) | V90: =IF(frame_units!E87<>"",frame_units!F87,NA())
... A108: =IF(replacements!A31="","",replacements!A31) | B108: =IF(replacements!B31="","",replacements!B31) | C108: =IF(replacements!C31="","",replacements!C31) | D108: =IF(replacements!D31="","",replacements!D31) | E108: =IF(replacements!E31="","",replacements!E31) | F108: =IF(replacements!F31="","",replacements!F31) | U108: =IF(frame_units!E105<>"",frame_units!E105,NA()) | V108: =IF(frame_units!E105<>"",frame_units!F105,NA())
U109: =IF(frame_units!E106<>"",frame_units!E106,NA()) | V109: =IF(frame_units!E106<>"",frame_units!F106,NA())
A110: Units or cells (frame_units.csv, first 60 rows; the file holds all) | U110: =IF(frame_units!E107<>"",frame_units!E107,NA()) | V110: =IF(frame_units!E107<>"",frame_units!F107,NA())
A111: unit_id | B111: stratum | C111: unit | D111: size | E111: x | F111: y | G111: flag | U111: =IF(frame_units!E108<>"",frame_units!E108,NA()) | V111: =IF(frame_units!E108<>"",frame_units!F108,NA())
A112: =IF(frame_units!A2="","",frame_units!A2) | B112: =IF(frame_units!B2="","",frame_units!B2) | C112: =IF(frame_units!C2="","",frame_units!C2) | D112: =IF(frame_units!D2="","",frame_units!D2) | E112: =IF(frame_units!E2="","",frame_units!E2) | F112: =IF(frame_units!F2="","",frame_units!F2) | G112: =IF(frame_units!G2="","",frame_units!G2) | U112: =IF(frame_units!E109<>"",frame_units!E109,NA()) | V112: =IF(frame_units!E109<>"",frame_units!F109,NA())
A113: =IF(frame_units!A3="","",frame_units!A3) | B113: =IF(frame_units!B3="","",frame_units!B3) | C113: =IF(frame_units!C3="","",frame_units!C3) | D113: =IF(frame_units!D3="","",frame_units!D3) | E113: =IF(frame_units!E3="","",frame_units!E3) | F113: =IF(frame_units!F3="","",frame_units!F3) | G113: =IF(frame_units!G3="","",frame_units!G3) | U113: =IF(frame_units!E110<>"",frame_units!E110,NA()) | V113: =IF(frame_units!E110<>"",frame_units!F110,NA())
A114: =IF(frame_units!A4="","",frame_units!A4) | B114: =IF(frame_units!B4="","",frame_units!B4) | C114: =IF(frame_units!C4="","",frame_units!C4) | D114: =IF(frame_units!D4="","",frame_units!D4) | E114: =IF(frame_units!E4="","",frame_units!E4) | F114: =IF(frame_units!F4="","",frame_units!F4) | G114: =IF(frame_units!G4="","",frame_units!G4) | U114: =IF(frame_units!E111<>"",frame_units!E111,NA()) | V114: =IF(frame_units!E111<>"",frame_units!F111,NA())
A115: =IF(frame_units!A5="","",frame_units!A5) | B115: =IF(frame_units!B5="","",frame_units!B5) | C115: =IF(frame_units!C5="","",frame_units!C5) | D115: =IF(frame_units!D5="","",frame_units!D5) | E115: =IF(frame_units!E5="","",frame_units!E5) | F115: =IF(frame_units!F5="","",frame_units!F5) | G115: =IF(frame_units!G5="","",frame_units!G5) | U115: =IF(frame_units!E112<>"",frame_units!E112,NA()) | V115: =IF(frame_units!E112<>"",frame_units!F112,NA())
A116: =IF(frame_units!A6="","",frame_units!A6) | B116: =IF(frame_units!B6="","",frame_units!B6) | C116: =IF(frame_units!C6="","",frame_units!C6) | D116: =IF(frame_units!D6="","",frame_units!D6) | E116: =IF(frame_units!E6="","",frame_units!E6) | F116: =IF(frame_units!F6="","",frame_units!F6) | G116: =IF(frame_units!G6="","",frame_units!G6) | U116: =IF(frame_units!E113<>"",frame_units!E113,NA()) | V116: =IF(frame_units!E113<>"",frame_units!F113,NA())
A117: =IF(frame_units!A7="","",frame_units!A7) | B117: =IF(frame_units!B7="","",frame_units!B7) | C117: =IF(frame_units!C7="","",frame_units!C7) | D117: =IF(frame_units!D7="","",frame_units!D7) | E117: =IF(frame_units!E7="","",frame_units!E7) | F117: =IF(frame_units!F7="","",frame_units!F7) | G117: =IF(frame_units!G7="","",frame_units!G7) | U117: =IF(frame_units!E114<>"",frame_units!E114,NA()) | V117: =IF(frame_units!E114<>"",frame_units!F114,NA())
A118: =IF(frame_units!A8="","",frame_units!A8) | B118: =IF(frame_units!B8="","",frame_units!B8) | C118: =IF(frame_units!C8="","",frame_units!C8) | D118: =IF(frame_units!D8="","",frame_units!D8) | E118: =IF(frame_units!E8="","",frame_units!E8) | F118: =IF(frame_units!F8="","",frame_units!F8) | G118: =IF(frame_units!G8="","",frame_units!G8) | U118: =IF(frame_units!E115<>"",frame_units!E115,NA()) | V118: =IF(frame_units!E115<>"",frame_units!F115,NA())
A119: =IF(frame_units!A9="","",frame_units!A9) | B119: =IF(frame_units!B9="","",frame_units!B9) | C119: =IF(frame_units!C9="","",frame_units!C9) | D119: =IF(frame_units!D9="","",frame_units!D9) | E119: =IF(frame_units!E9="","",frame_units!E9) | F119: =IF(frame_units!F9="","",frame_units!F9) | G119: =IF(frame_units!G9="","",frame_units!G9) | U119: =IF(frame_units!E116<>"",frame_units!E116,NA()) | V119: =IF(frame_units!E116<>"",frame_units!F116,NA())
A120: =IF(frame_units!A10="","",frame_units!A10) | B120: =IF(frame_units!B10="","",frame_units!B10) | C120: =IF(frame_units!C10="","",frame_units!C10) | D120: =IF(frame_units!D10="","",frame_units!D10) | E120: =IF(frame_units!E10="","",frame_units!E10) | F120: =IF(frame_units!F10="","",frame_units!F10) | G120: =IF(frame_units!G10="","",frame_units!G10) | U120: =IF(frame_units!E117<>"",frame_units!E117,NA()) | V120: =IF(frame_units!E117<>"",frame_units!F117,NA())
A121: =IF(frame_units!A11="","",frame_units!A11) | B121: =IF(frame_units!B11="","",frame_units!B11) | C121: =IF(frame_units!C11="","",frame_units!C11) | D121: =IF(frame_units!D11="","",frame_units!D11) | E121: =IF(frame_units!E11="","",frame_units!E11) | F121: =IF(frame_units!F11="","",frame_units!F11) | G121: =IF(frame_units!G11="","",frame_units!G11) | U121: =IF(frame_units!E118<>"",frame_units!E118,NA()) | V121: =IF(frame_units!E118<>"",frame_units!F118,NA())
A122: =IF(frame_units!A12="","",frame_units!A12) | B122: =IF(frame_units!B12="","",frame_units!B12) | C122: =IF(frame_units!C12="","",frame_units!C12) | D122: =IF(frame_units!D12="","",frame_units!D12) | E122: =IF(frame_units!E12="","",frame_units!E12) | F122: =IF(frame_units!F12="","",frame_units!F12) | G122: =IF(frame_units!G12="","",frame_units!G12) | U122: =IF(frame_units!E119<>"",frame_units!E119,NA()) | V122: =IF(frame_units!E119<>"",frame_units!F119,NA())
A123: =IF(frame_units!A13="","",frame_units!A13) | B123: =IF(frame_units!B13="","",frame_units!B13) | C123: =IF(frame_units!C13="","",frame_units!C13) | D123: =IF(frame_units!D13="","",frame_units!D13) | E123: =IF(frame_units!E13="","",frame_units!E13) | F123: =IF(frame_units!F13="","",frame_units!F13) | G123: =IF(frame_units!G13="","",frame_units!G13) | U123: =IF(frame_units!E120<>"",frame_units!E120,NA()) | V123: =IF(frame_units!E120<>"",frame_units!F120,NA())
... A171: =IF(frame_units!A61="","",frame_units!A61) | B171: =IF(frame_units!B61="","",frame_units!B61) | C171: =IF(frame_units!C61="","",frame_units!C61) | D171: =IF(frame_units!D61="","",frame_units!D61) | E171: =IF(frame_units!E61="","",frame_units!E61) | F171: =IF(frame_units!F61="","",frame_units!F61) | G171: =IF(frame_units!G61="","",frame_units!G61) | U171: =IF(frame_units!E168<>"",frame_units!E168,NA()) | V171: =IF(frame_units!E168<>"",frame_units!F168,NA())
U172: =IF(frame_units!E169<>"",frame_units!E169,NA()) | V172: =IF(frame_units!E169<>"",frame_units!F169,NA())
U173: =IF(frame_units!E170<>"",frame_units!E170,NA()) | V173: =IF(frame_units!E170<>"",frame_units!F170,NA())
U174: =IF(frame_units!E171<>"",frame_units!E171,NA()) | V174: =IF(frame_units!E171<>"",frame_units!F171,NA())
U175: =IF(frame_units!E172<>"",frame_units!E172,NA()) | V175: =IF(frame_units!E172<>"",frame_units!F172,NA())
U176: =IF(frame_units!E173<>"",frame_units!E173,NA()) | V176: =IF(frame_units!E173<>"",frame_units!F173,NA())
U177: =IF(frame_units!E174<>"",frame_units!E174,NA()) | V177: =IF(frame_units!E174<>"",frame_units!F174,NA())
U178: =IF(frame_units!E175<>"",frame_units!E175,NA()) | V178: =IF(frame_units!E175<>"",frame_units!F175,NA())
U179: =IF(frame_units!E176<>"",frame_units!E176,NA()) | V179: =IF(frame_units!E176<>"",frame_units!F176,NA())
U180: =IF(frame_units!E177<>"",frame_units!E177,NA()) | V180: =IF(frame_units!E177<>"",frame_units!F177,NA())
U181: =IF(frame_units!E178<>"",frame_units!E178,NA()) | V181: =IF(frame_units!E178<>"",frame_units!F178,NA())
U182: =IF(frame_units!E179<>"",frame_units!E179,NA()) | V182: =IF(frame_units!E179<>"",frame_units!F179,NA())
U183: =IF(frame_units!E180<>"",frame_units!E180,NA()) | V183: =IF(frame_units!E180<>"",frame_units!F180,NA())
... U2004: =IF(frame_units!E2001<>"",frame_units!E2001,NA()) | V2004: =IF(frame_units!E2001<>"",frame_units!F2001,NA())

Sheet Listing
A1: Listing: what Stata exported for this run
A2: The listing forms and the completed listing's checks as computed in Stata; nothing is recalculated here (see Notes).
A4: Run | U4: areas: x | V4: areas: y
A5: Run id | B5: =IFERROR(INDEX(manifest!$B:$B,MATCH("run_id",manifest!$A:$A,0)),"not in this export") | U5: =IF(listing_areas!C2<>"",listing_areas!C2,NA()) | V5: =IF(listing_areas!C2<>"",listing_areas!D2,NA())
A6: Step | B6: =IFERROR(INDEX(manifest!$B:$B,MATCH("step",manifest!$A:$A,0)),"not in this export") | U6: =IF(listing_areas!C3<>"",listing_areas!C3,NA()) | V6: =IF(listing_areas!C3<>"",listing_areas!D3,NA())
A7: Started | B7: =IFERROR(INDEX(manifest!$B:$B,MATCH("started",manifest!$A:$A,0)),"not in this export") | U7: =IF(listing_areas!C4<>"",listing_areas!C4,NA()) | V7: =IF(listing_areas!C4<>"",listing_areas!D4,NA())
A8: Status | B8: =IFERROR(INDEX(manifest!$B:$B,MATCH("status",manifest!$A:$A,0)),"not in this export") | U8: =IF(listing_areas!C5<>"",listing_areas!C5,NA()) | V8: =IF(listing_areas!C5<>"",listing_areas!D5,NA())
A9: Source (ado or do-file) | B9: =IFERROR(INDEX(manifest!$B:$B,MATCH("source",manifest!$A:$A,0)),"not in this export") | U9: =IF(listing_areas!C6<>"",listing_areas!C6,NA()) | V9: =IF(listing_areas!C6<>"",listing_areas!D6,NA())
A10: Input file | B10: =IFERROR(INDEX(manifest!$B:$B,MATCH("input_file",manifest!$A:$A,0)),"not in this export") | U10: =IF(listing_areas!C7<>"",listing_areas!C7,NA()) | V10: =IF(listing_areas!C7<>"",listing_areas!D7,NA())
A11: Input rows | B11: =IFERROR(INDEX(manifest!$B:$B,MATCH("input_rows",manifest!$A:$A,0)),"not in this export") | U11: =IF(listing_areas!C8<>"",listing_areas!C8,NA()) | V11: =IF(listing_areas!C8<>"",listing_areas!D8,NA())
A12: Command | B12: =IFERROR(INDEX(manifest!$B:$B,MATCH("command",manifest!$A:$A,0)),"not in this export") | U12: =IF(listing_areas!C9<>"",listing_areas!C9,NA()) | V12: =IF(listing_areas!C9<>"",listing_areas!D9,NA())
U13: =IF(listing_areas!C10<>"",listing_areas!C10,NA()) | V13: =IF(listing_areas!C10<>"",listing_areas!D10,NA())
A14: Key numbers (r() results of the command) | U14: =IF(listing_areas!C11<>"",listing_areas!C11,NA()) | V14: =IF(listing_areas!C11<>"",listing_areas!D11,NA())
A15: Selected areas | B15: =IFERROR(INDEX(manifest!$B:$B,MATCH("summary_N_areas",manifest!$A:$A,0)),"not in this export") | U15: =IF(listing_areas!C12<>"",listing_areas!C12,NA()) | V15: =IF(listing_areas!C12<>"",listing_areas!D12,NA())
A16: Areas segmented | B16: =IFERROR(INDEX(manifest!$B:$B,MATCH("summary_n_segmented",manifest!$A:$A,0)),"not in this export") | U16: =IF(listing_areas!C13<>"",listing_areas!C13,NA()) | V16: =IF(listing_areas!C13<>"",listing_areas!D13,NA())
A17: Rows in the listing | B17: =IFERROR(INDEX(manifest!$B:$B,MATCH("summary_N_rows",manifest!$A:$A,0)),"not in this export") | U17: =IF(listing_areas!C14<>"",listing_areas!C14,NA()) | V17: =IF(listing_areas!C14<>"",listing_areas!D14,NA())
A18: Areas returned | B18: =IFERROR(INDEX(manifest!$B:$B,MATCH("summary_n_returned",manifest!$A:$A,0)),"not in this export") | U18: =IF(listing_areas!C15<>"",listing_areas!C15,NA()) | V18: =IF(listing_areas!C15<>"",listing_areas!D15,NA())
A19: Areas not returned | B19: =IFERROR(INDEX(manifest!$B:$B,MATCH("summary_n_not_returned",manifest!$A:$A,0)),"not in this export") | U19: =IF(listing_areas!C16<>"",listing_areas!C16,NA()) | V19: =IF(listing_areas!C16<>"",listing_areas!D16,NA())
A20: Households in areas not selected | B20: =IFERROR(INDEX(manifest!$B:$B,MATCH("summary_n_not_selected",manifest!$A:$A,0)),"not in this export") | U20: =IF(listing_areas!C17<>"",listing_areas!C17,NA()) | V20: =IF(listing_areas!C17<>"",listing_areas!D17,NA())
A21: Duplicate rows | B21: =IFERROR(INDEX(manifest!$B:$B,MATCH("summary_n_duplicates",manifest!$A:$A,0)),"not in this export") | U21: =IF(listing_areas!C18<>"",listing_areas!C18,NA()) | V21: =IF(listing_areas!C18<>"",listing_areas!D18,NA())
A22: Under-listed areas | B22: =IFERROR(INDEX(manifest!$B:$B,MATCH("summary_n_under",manifest!$A:$A,0)),"not in this export") | U22: =IF(listing_areas!C19<>"",listing_areas!C19,NA()) | V22: =IF(listing_areas!C19<>"",listing_areas!D19,NA())
A23: Over-listed areas | B23: =IFERROR(INDEX(manifest!$B:$B,MATCH("summary_n_over",manifest!$A:$A,0)),"not in this export") | U23: =IF(listing_areas!C20<>"",listing_areas!C20,NA()) | V23: =IF(listing_areas!C20<>"",listing_areas!D20,NA())
A24: Eligible households in the frame | B24: =IFERROR(INDEX(manifest!$B:$B,MATCH("summary_N_frame",manifest!$A:$A,0)),"not in this export") | U24: =IF(listing_areas!C21<>"",listing_areas!C21,NA()) | V24: =IF(listing_areas!C21<>"",listing_areas!D21,NA())
U25: =IF(listing_areas!C22<>"",listing_areas!C22,NA()) | V25: =IF(listing_areas!C22<>"",listing_areas!D22,NA())
A26: Checks (listing_checks.csv) | U26: =IF(listing_areas!C23<>"",listing_areas!C23,NA()) | V26: =IF(listing_areas!C23<>"",listing_areas!D23,NA())
A27: check | B27: n | C27: status | D27: detail | U27: =IF(listing_areas!C24<>"",listing_areas!C24,NA()) | V27: =IF(listing_areas!C24<>"",listing_areas!D24,NA())
A28: =IF(listing_checks!A2="","",listing_checks!A2) | B28: =IF(listing_checks!B2="","",listing_checks!B2) | C28: =IF(listing_checks!C2="","",listing_checks!C2) | D28: =IF(listing_checks!D2="","",listing_checks!D2) | U28: =IF(listing_areas!C25<>"",listing_areas!C25,NA()) | V28: =IF(listing_areas!C25<>"",listing_areas!D25,NA())
A29: =IF(listing_checks!A3="","",listing_checks!A3) | B29: =IF(listing_checks!B3="","",listing_checks!B3) | C29: =IF(listing_checks!C3="","",listing_checks!C3) | D29: =IF(listing_checks!D3="","",listing_checks!D3) | U29: =IF(listing_areas!C26<>"",listing_areas!C26,NA()) | V29: =IF(listing_areas!C26<>"",listing_areas!D26,NA())
A30: =IF(listing_checks!A4="","",listing_checks!A4) | B30: =IF(listing_checks!B4="","",listing_checks!B4) | C30: =IF(listing_checks!C4="","",listing_checks!C4) | D30: =IF(listing_checks!D4="","",listing_checks!D4) | U30: =IF(listing_areas!C27<>"",listing_areas!C27,NA()) | V30: =IF(listing_areas!C27<>"",listing_areas!D27,NA())
A31: =IF(listing_checks!A5="","",listing_checks!A5) | B31: =IF(listing_checks!B5="","",listing_checks!B5) | C31: =IF(listing_checks!C5="","",listing_checks!C5) | D31: =IF(listing_checks!D5="","",listing_checks!D5) | U31: =IF(listing_areas!C28<>"",listing_areas!C28,NA()) | V31: =IF(listing_areas!C28<>"",listing_areas!D28,NA())
A32: =IF(listing_checks!A6="","",listing_checks!A6) | B32: =IF(listing_checks!B6="","",listing_checks!B6) | C32: =IF(listing_checks!C6="","",listing_checks!C6) | D32: =IF(listing_checks!D6="","",listing_checks!D6) | U32: =IF(listing_areas!C29<>"",listing_areas!C29,NA()) | V32: =IF(listing_areas!C29<>"",listing_areas!D29,NA())
A33: =IF(listing_checks!A7="","",listing_checks!A7) | B33: =IF(listing_checks!B7="","",listing_checks!B7) | C33: =IF(listing_checks!C7="","",listing_checks!C7) | D33: =IF(listing_checks!D7="","",listing_checks!D7) | U33: =IF(listing_areas!C30<>"",listing_areas!C30,NA()) | V33: =IF(listing_areas!C30<>"",listing_areas!D30,NA())
A34: =IF(listing_checks!A8="","",listing_checks!A8) | B34: =IF(listing_checks!B8="","",listing_checks!B8) | C34: =IF(listing_checks!C8="","",listing_checks!C8) | D34: =IF(listing_checks!D8="","",listing_checks!D8) | U34: =IF(listing_areas!C31<>"",listing_areas!C31,NA()) | V34: =IF(listing_areas!C31<>"",listing_areas!D31,NA())
A35: =IF(listing_checks!A9="","",listing_checks!A9) | B35: =IF(listing_checks!B9="","",listing_checks!B9) | C35: =IF(listing_checks!C9="","",listing_checks!C9) | D35: =IF(listing_checks!D9="","",listing_checks!D9) | U35: =IF(listing_areas!C32<>"",listing_areas!C32,NA()) | V35: =IF(listing_areas!C32<>"",listing_areas!D32,NA())
A36: =IF(listing_checks!A10="","",listing_checks!A10) | B36: =IF(listing_checks!B10="","",listing_checks!B10) | C36: =IF(listing_checks!C10="","",listing_checks!C10) | D36: =IF(listing_checks!D10="","",listing_checks!D10) | U36: =IF(listing_areas!C33<>"",listing_areas!C33,NA()) | V36: =IF(listing_areas!C33<>"",listing_areas!D33,NA())
A37: =IF(listing_checks!A11="","",listing_checks!A11) | B37: =IF(listing_checks!B11="","",listing_checks!B11) | C37: =IF(listing_checks!C11="","",listing_checks!C11) | D37: =IF(listing_checks!D11="","",listing_checks!D11) | U37: =IF(listing_areas!C34<>"",listing_areas!C34,NA()) | V37: =IF(listing_areas!C34<>"",listing_areas!D34,NA())
A38: =IF(listing_checks!A12="","",listing_checks!A12) | B38: =IF(listing_checks!B12="","",listing_checks!B12) | C38: =IF(listing_checks!C12="","",listing_checks!C12) | D38: =IF(listing_checks!D12="","",listing_checks!D12) | U38: =IF(listing_areas!C35<>"",listing_areas!C35,NA()) | V38: =IF(listing_areas!C35<>"",listing_areas!D35,NA())
A39: =IF(listing_checks!A13="","",listing_checks!A13) | B39: =IF(listing_checks!B13="","",listing_checks!B13) | C39: =IF(listing_checks!C13="","",listing_checks!C13) | D39: =IF(listing_checks!D13="","",listing_checks!D13) | U39: =IF(listing_areas!C36<>"",listing_areas!C36,NA()) | V39: =IF(listing_areas!C36<>"",listing_areas!D36,NA())
U40: =IF(listing_areas!C37<>"",listing_areas!C37,NA()) | V40: =IF(listing_areas!C37<>"",listing_areas!D37,NA())
A41: Areas (listing_areas.csv, first 100 rows) | U41: =IF(listing_areas!C38<>"",listing_areas!C38,NA()) | V41: =IF(listing_areas!C38<>"",listing_areas!D38,NA())
A42: area_id | B42: stratum | C42: expected | D42: listed | E42: eligible | F42: ratio | G42: segments | H42: segment_selected | I42: flag | U42: =IF(listing_areas!C39<>"",listing_areas!C39,NA()) | V42: =IF(listing_areas!C39<>"",listing_areas!D39,NA())
A43: =IF(listing_areas!A2="","",listing_areas!A2) | B43: =IF(listing_areas!B2="","",listing_areas!B2) | C43: =IF(listing_areas!C2="","",listing_areas!C2) | D43: =IF(listing_areas!D2="","",listing_areas!D2) | E43: =IF(listing_areas!E2="","",listing_areas!E2) | F43: =IF(listing_areas!F2="","",listing_areas!F2) | G43: =IF(listing_areas!G2="","",listing_areas!G2) | H43: =IF(listing_areas!H2="","",listing_areas!H2) | I43: =IF(listing_areas!I2="","",listing_areas!I2) | U43: =IF(listing_areas!C40<>"",listing_areas!C40,NA()) | V43: =IF(listing_areas!C40<>"",listing_areas!D40,NA())
A44: =IF(listing_areas!A3="","",listing_areas!A3) | B44: =IF(listing_areas!B3="","",listing_areas!B3) | C44: =IF(listing_areas!C3="","",listing_areas!C3) | D44: =IF(listing_areas!D3="","",listing_areas!D3) | E44: =IF(listing_areas!E3="","",listing_areas!E3) | F44: =IF(listing_areas!F3="","",listing_areas!F3) | G44: =IF(listing_areas!G3="","",listing_areas!G3) | H44: =IF(listing_areas!H3="","",listing_areas!H3) | I44: =IF(listing_areas!I3="","",listing_areas!I3) | U44: =IF(listing_areas!C41<>"",listing_areas!C41,NA()) | V44: =IF(listing_areas!C41<>"",listing_areas!D41,NA())
A45: =IF(listing_areas!A4="","",listing_areas!A4) | B45: =IF(listing_areas!B4="","",listing_areas!B4) | C45: =IF(listing_areas!C4="","",listing_areas!C4) | D45: =IF(listing_areas!D4="","",listing_areas!D4) | E45: =IF(listing_areas!E4="","",listing_areas!E4) | F45: =IF(listing_areas!F4="","",listing_areas!F4) | G45: =IF(listing_areas!G4="","",listing_areas!G4) | H45: =IF(listing_areas!H4="","",listing_areas!H4) | I45: =IF(listing_areas!I4="","",listing_areas!I4) | U45: =IF(listing_areas!C42<>"",listing_areas!C42,NA()) | V45: =IF(listing_areas!C42<>"",listing_areas!D42,NA())
A46: =IF(listing_areas!A5="","",listing_areas!A5) | B46: =IF(listing_areas!B5="","",listing_areas!B5) | C46: =IF(listing_areas!C5="","",listing_areas!C5) | D46: =IF(listing_areas!D5="","",listing_areas!D5) | E46: =IF(listing_areas!E5="","",listing_areas!E5) | F46: =IF(listing_areas!F5="","",listing_areas!F5) | G46: =IF(listing_areas!G5="","",listing_areas!G5) | H46: =IF(listing_areas!H5="","",listing_areas!H5) | I46: =IF(listing_areas!I5="","",listing_areas!I5) | U46: =IF(listing_areas!C43<>"",listing_areas!C43,NA()) | V46: =IF(listing_areas!C43<>"",listing_areas!D43,NA())
A47: =IF(listing_areas!A6="","",listing_areas!A6) | B47: =IF(listing_areas!B6="","",listing_areas!B6) | C47: =IF(listing_areas!C6="","",listing_areas!C6) | D47: =IF(listing_areas!D6="","",listing_areas!D6) | E47: =IF(listing_areas!E6="","",listing_areas!E6) | F47: =IF(listing_areas!F6="","",listing_areas!F6) | G47: =IF(listing_areas!G6="","",listing_areas!G6) | H47: =IF(listing_areas!H6="","",listing_areas!H6) | I47: =IF(listing_areas!I6="","",listing_areas!I6) | U47: =IF(listing_areas!C44<>"",listing_areas!C44,NA()) | V47: =IF(listing_areas!C44<>"",listing_areas!D44,NA())
A48: =IF(listing_areas!A7="","",listing_areas!A7) | B48: =IF(listing_areas!B7="","",listing_areas!B7) | C48: =IF(listing_areas!C7="","",listing_areas!C7) | D48: =IF(listing_areas!D7="","",listing_areas!D7) | E48: =IF(listing_areas!E7="","",listing_areas!E7) | F48: =IF(listing_areas!F7="","",listing_areas!F7) | G48: =IF(listing_areas!G7="","",listing_areas!G7) | H48: =IF(listing_areas!H7="","",listing_areas!H7) | I48: =IF(listing_areas!I7="","",listing_areas!I7) | U48: =IF(listing_areas!C45<>"",listing_areas!C45,NA()) | V48: =IF(listing_areas!C45<>"",listing_areas!D45,NA())
A49: =IF(listing_areas!A8="","",listing_areas!A8) | B49: =IF(listing_areas!B8="","",listing_areas!B8) | C49: =IF(listing_areas!C8="","",listing_areas!C8) | D49: =IF(listing_areas!D8="","",listing_areas!D8) | E49: =IF(listing_areas!E8="","",listing_areas!E8) | F49: =IF(listing_areas!F8="","",listing_areas!F8) | G49: =IF(listing_areas!G8="","",listing_areas!G8) | H49: =IF(listing_areas!H8="","",listing_areas!H8) | I49: =IF(listing_areas!I8="","",listing_areas!I8) | U49: =IF(listing_areas!C46<>"",listing_areas!C46,NA()) | V49: =IF(listing_areas!C46<>"",listing_areas!D46,NA())
A50: =IF(listing_areas!A9="","",listing_areas!A9) | B50: =IF(listing_areas!B9="","",listing_areas!B9) | C50: =IF(listing_areas!C9="","",listing_areas!C9) | D50: =IF(listing_areas!D9="","",listing_areas!D9) | E50: =IF(listing_areas!E9="","",listing_areas!E9) | F50: =IF(listing_areas!F9="","",listing_areas!F9) | G50: =IF(listing_areas!G9="","",listing_areas!G9) | H50: =IF(listing_areas!H9="","",listing_areas!H9) | I50: =IF(listing_areas!I9="","",listing_areas!I9) | U50: =IF(listing_areas!C47<>"",listing_areas!C47,NA()) | V50: =IF(listing_areas!C47<>"",listing_areas!D47,NA())
A51: =IF(listing_areas!A10="","",listing_areas!A10) | B51: =IF(listing_areas!B10="","",listing_areas!B10) | C51: =IF(listing_areas!C10="","",listing_areas!C10) | D51: =IF(listing_areas!D10="","",listing_areas!D10) | E51: =IF(listing_areas!E10="","",listing_areas!E10) | F51: =IF(listing_areas!F10="","",listing_areas!F10) | G51: =IF(listing_areas!G10="","",listing_areas!G10) | H51: =IF(listing_areas!H10="","",listing_areas!H10) | I51: =IF(listing_areas!I10="","",listing_areas!I10) | U51: =IF(listing_areas!C48<>"",listing_areas!C48,NA()) | V51: =IF(listing_areas!C48<>"",listing_areas!D48,NA())
A52: =IF(listing_areas!A11="","",listing_areas!A11) | B52: =IF(listing_areas!B11="","",listing_areas!B11) | C52: =IF(listing_areas!C11="","",listing_areas!C11) | D52: =IF(listing_areas!D11="","",listing_areas!D11) | E52: =IF(listing_areas!E11="","",listing_areas!E11) | F52: =IF(listing_areas!F11="","",listing_areas!F11) | G52: =IF(listing_areas!G11="","",listing_areas!G11) | H52: =IF(listing_areas!H11="","",listing_areas!H11) | I52: =IF(listing_areas!I11="","",listing_areas!I11) | U52: =IF(listing_areas!C49<>"",listing_areas!C49,NA()) | V52: =IF(listing_areas!C49<>"",listing_areas!D49,NA())
A53: =IF(listing_areas!A12="","",listing_areas!A12) | B53: =IF(listing_areas!B12="","",listing_areas!B12) | C53: =IF(listing_areas!C12="","",listing_areas!C12) | D53: =IF(listing_areas!D12="","",listing_areas!D12) | E53: =IF(listing_areas!E12="","",listing_areas!E12) | F53: =IF(listing_areas!F12="","",listing_areas!F12) | G53: =IF(listing_areas!G12="","",listing_areas!G12) | H53: =IF(listing_areas!H12="","",listing_areas!H12) | I53: =IF(listing_areas!I12="","",listing_areas!I12) | U53: =IF(listing_areas!C50<>"",listing_areas!C50,NA()) | V53: =IF(listing_areas!C50<>"",listing_areas!D50,NA())
A54: =IF(listing_areas!A13="","",listing_areas!A13) | B54: =IF(listing_areas!B13="","",listing_areas!B13) | C54: =IF(listing_areas!C13="","",listing_areas!C13) | D54: =IF(listing_areas!D13="","",listing_areas!D13) | E54: =IF(listing_areas!E13="","",listing_areas!E13) | F54: =IF(listing_areas!F13="","",listing_areas!F13) | G54: =IF(listing_areas!G13="","",listing_areas!G13) | H54: =IF(listing_areas!H13="","",listing_areas!H13) | I54: =IF(listing_areas!I13="","",listing_areas!I13) | U54: =IF(listing_areas!C51<>"",listing_areas!C51,NA()) | V54: =IF(listing_areas!C51<>"",listing_areas!D51,NA())
... A142: =IF(listing_areas!A101="","",listing_areas!A101) | B142: =IF(listing_areas!B101="","",listing_areas!B101) | C142: =IF(listing_areas!C101="","",listing_areas!C101) | D142: =IF(listing_areas!D101="","",listing_areas!D101) | E142: =IF(listing_areas!E101="","",listing_areas!E101) | F142: =IF(listing_areas!F101="","",listing_areas!F101) | G142: =IF(listing_areas!G101="","",listing_areas!G101) | H142: =IF(listing_areas!H101="","",listing_areas!H101) | I142: =IF(listing_areas!I101="","",listing_areas!I101) | U142: =IF(listing_areas!C139<>"",listing_areas!C139,NA()) | V142: =IF(listing_areas!C139<>"",listing_areas!D139,NA())
U143: =IF(listing_areas!C140<>"",listing_areas!C140,NA()) | V143: =IF(listing_areas!C140<>"",listing_areas!D140,NA())
U144: =IF(listing_areas!C141<>"",listing_areas!C141,NA()) | V144: =IF(listing_areas!C141<>"",listing_areas!D141,NA())
U145: =IF(listing_areas!C142<>"",listing_areas!C142,NA()) | V145: =IF(listing_areas!C142<>"",listing_areas!D142,NA())
U146: =IF(listing_areas!C143<>"",listing_areas!C143,NA()) | V146: =IF(listing_areas!C143<>"",listing_areas!D143,NA())
U147: =IF(listing_areas!C144<>"",listing_areas!C144,NA()) | V147: =IF(listing_areas!C144<>"",listing_areas!D144,NA())
U148: =IF(listing_areas!C145<>"",listing_areas!C145,NA()) | V148: =IF(listing_areas!C145<>"",listing_areas!D145,NA())
U149: =IF(listing_areas!C146<>"",listing_areas!C146,NA()) | V149: =IF(listing_areas!C146<>"",listing_areas!D146,NA())
U150: =IF(listing_areas!C147<>"",listing_areas!C147,NA()) | V150: =IF(listing_areas!C147<>"",listing_areas!D147,NA())
U151: =IF(listing_areas!C148<>"",listing_areas!C148,NA()) | V151: =IF(listing_areas!C148<>"",listing_areas!D148,NA())
U152: =IF(listing_areas!C149<>"",listing_areas!C149,NA()) | V152: =IF(listing_areas!C149<>"",listing_areas!D149,NA())
U153: =IF(listing_areas!C150<>"",listing_areas!C150,NA()) | V153: =IF(listing_areas!C150<>"",listing_areas!D150,NA())
U154: =IF(listing_areas!C151<>"",listing_areas!C151,NA()) | V154: =IF(listing_areas!C151<>"",listing_areas!D151,NA())
... U504: =IF(listing_areas!C501<>"",listing_areas!C501,NA()) | V504: =IF(listing_areas!C501<>"",listing_areas!D501,NA())

Sheet Inputs
A1: Inputs: the checks rtminput made on the input workbook
A2: The Design settings as recorded and every problem found, sheet by sheet; nothing is recalculated here (see Notes).
A4: Run
A5: Run id | B5: =IFERROR(INDEX(manifest!$B:$B,MATCH("run_id",manifest!$A:$A,0)),"not in this export")
A6: Step | B6: =IFERROR(INDEX(manifest!$B:$B,MATCH("step",manifest!$A:$A,0)),"not in this export")
A7: Started | B7: =IFERROR(INDEX(manifest!$B:$B,MATCH("started",manifest!$A:$A,0)),"not in this export")
A8: Status | B8: =IFERROR(INDEX(manifest!$B:$B,MATCH("status",manifest!$A:$A,0)),"not in this export")
A9: Source (ado or do-file) | B9: =IFERROR(INDEX(manifest!$B:$B,MATCH("source",manifest!$A:$A,0)),"not in this export")
A10: Input file | B10: =IFERROR(INDEX(manifest!$B:$B,MATCH("input_file",manifest!$A:$A,0)),"not in this export")
A11: Input rows | B11: =IFERROR(INDEX(manifest!$B:$B,MATCH("input_rows",manifest!$A:$A,0)),"not in this export")
A12: Command | B12: =IFERROR(INDEX(manifest!$B:$B,MATCH("command",manifest!$A:$A,0)),"not in this export")
A14: Design settings (as recorded by Stata from the Design sheet)
A15: Project | B15: =IFERROR(INDEX(manifest!$B:$B,MATCH("setting_project",manifest!$A:$A,0)),"not in this export")
A16: Seed | B16: =IFERROR(INDEX(manifest!$B:$B,MATCH("setting_seed",manifest!$A:$A,0)),"not in this export")
A17: Output folder | B17: =IFERROR(INDEX(manifest!$B:$B,MATCH("setting_output_dir",manifest!$A:$A,0)),"not in this export")
A18: Size target | B18: =IFERROR(INDEX(manifest!$B:$B,MATCH("setting_target",manifest!$A:$A,0)),"not in this export")
A19: Areas to select | B19: =IFERROR(INDEX(manifest!$B:$B,MATCH("setting_n_areas",manifest!$A:$A,0)),"not in this export")
A20: Allocation | B20: =IFERROR(INDEX(manifest!$B:$B,MATCH("setting_allocation",manifest!$A:$A,0)),"not in this export")
A21: First stage | B21: =IFERROR(INDEX(manifest!$B:$B,MATCH("setting_stage1",manifest!$A:$A,0)),"not in this export")
A22: Reserve areas | B22: =IFERROR(INDEX(manifest!$B:$B,MATCH("setting_reserve_areas",manifest!$A:$A,0)),"not in this export")
A23: Households per area | B23: =IFERROR(INDEX(manifest!$B:$B,MATCH("setting_households_per_area",manifest!$A:$A,0)),"not in this export")
A24: Phone per PSU | B24: =IFERROR(INDEX(manifest!$B:$B,MATCH("setting_phone_per_psu",manifest!$A:$A,0)),"not in this export")
A25: Base weight | B25: =IFERROR(INDEX(manifest!$B:$B,MATCH("setting_base_weight",manifest!$A:$A,0)),"not in this export")
A26: Nonresponse method | B26: =IFERROR(INDEX(manifest!$B:$B,MATCH("setting_nonresponse",manifest!$A:$A,0)),"not in this export")
A27: Covariates | B27: =IFERROR(INDEX(manifest!$B:$B,MATCH("setting_covariates",manifest!$A:$A,0)),"not in this export")
A28: Trimming | B28: =IFERROR(INDEX(manifest!$B:$B,MATCH("setting_trim",manifest!$A:$A,0)),"not in this export")
A29: Calibration | B29: =IFERROR(INDEX(manifest!$B:$B,MATCH("setting_calibrate",manifest!$A:$A,0)),"not in this export")
A30: Calibration variables | B30: =IFERROR(INDEX(manifest!$B:$B,MATCH("setting_cal_vars",manifest!$A:$A,0)),"not in this export")
A32: Problems found (input_checks.csv; the Checks sheet of the checked copy holds the same rows)
A33: sheet | B33: row | C33: column | D33: severity | E33: problem
A34: =IF(input_checks!A2="","",input_checks!A2) | B34: =IF(input_checks!B2="","",input_checks!B2) | C34: =IF(input_checks!C2="","",input_checks!C2) | D34: =IF(input_checks!D2="","",input_checks!D2) | E34: =IF(input_checks!E2="","",input_checks!E2)
A35: =IF(input_checks!A3="","",input_checks!A3) | B35: =IF(input_checks!B3="","",input_checks!B3) | C35: =IF(input_checks!C3="","",input_checks!C3) | D35: =IF(input_checks!D3="","",input_checks!D3) | E35: =IF(input_checks!E3="","",input_checks!E3)
A36: =IF(input_checks!A4="","",input_checks!A4) | B36: =IF(input_checks!B4="","",input_checks!B4) | C36: =IF(input_checks!C4="","",input_checks!C4) | D36: =IF(input_checks!D4="","",input_checks!D4) | E36: =IF(input_checks!E4="","",input_checks!E4)
A37: =IF(input_checks!A5="","",input_checks!A5) | B37: =IF(input_checks!B5="","",input_checks!B5) | C37: =IF(input_checks!C5="","",input_checks!C5) | D37: =IF(input_checks!D5="","",input_checks!D5) | E37: =IF(input_checks!E5="","",input_checks!E5)
A38: =IF(input_checks!A6="","",input_checks!A6) | B38: =IF(input_checks!B6="","",input_checks!B6) | C38: =IF(input_checks!C6="","",input_checks!C6) | D38: =IF(input_checks!D6="","",input_checks!D6) | E38: =IF(input_checks!E6="","",input_checks!E6)
A39: =IF(input_checks!A7="","",input_checks!A7) | B39: =IF(input_checks!B7="","",input_checks!B7) | C39: =IF(input_checks!C7="","",input_checks!C7) | D39: =IF(input_checks!D7="","",input_checks!D7) | E39: =IF(input_checks!E7="","",input_checks!E7)
A40: =IF(input_checks!A8="","",input_checks!A8) | B40: =IF(input_checks!B8="","",input_checks!B8) | C40: =IF(input_checks!C8="","",input_checks!C8) | D40: =IF(input_checks!D8="","",input_checks!D8) | E40: =IF(input_checks!E8="","",input_checks!E8)
A41: =IF(input_checks!A9="","",input_checks!A9) | B41: =IF(input_checks!B9="","",input_checks!B9) | C41: =IF(input_checks!C9="","",input_checks!C9) | D41: =IF(input_checks!D9="","",input_checks!D9) | E41: =IF(input_checks!E9="","",input_checks!E9)
A42: =IF(input_checks!A10="","",input_checks!A10) | B42: =IF(input_checks!B10="","",input_checks!B10) | C42: =IF(input_checks!C10="","",input_checks!C10) | D42: =IF(input_checks!D10="","",input_checks!D10) | E42: =IF(input_checks!E10="","",input_checks!E10)
A43: =IF(input_checks!A11="","",input_checks!A11) | B43: =IF(input_checks!B11="","",input_checks!B11) | C43: =IF(input_checks!C11="","",input_checks!C11) | D43: =IF(input_checks!D11="","",input_checks!D11) | E43: =IF(input_checks!E11="","",input_checks!E11)
A44: =IF(input_checks!A12="","",input_checks!A12) | B44: =IF(input_checks!B12="","",input_checks!B12) | C44: =IF(input_checks!C12="","",input_checks!C12) | D44: =IF(input_checks!D12="","",input_checks!D12) | E44: =IF(input_checks!E12="","",input_checks!E12)
A45: =IF(input_checks!A13="","",input_checks!A13) | B45: =IF(input_checks!B13="","",input_checks!B13) | C45: =IF(input_checks!C13="","",input_checks!C13) | D45: =IF(input_checks!D13="","",input_checks!D13) | E45: =IF(input_checks!E13="","",input_checks!E13)
... A93: =IF(input_checks!A61="","",input_checks!A61) | B93: =IF(input_checks!B61="","",input_checks!B61) | C93: =IF(input_checks!C61="","",input_checks!C61) | D93: =IF(input_checks!D61="","",input_checks!D61) | E93: =IF(input_checks!E61="","",input_checks!E61)

Sheet Notes
A1: rtmtools display workbook (schema rtm-export-1.0)
A2: This workbook displays what the Stata commands exported for one run (sheets Weights, Sampling, Frame, Listing, Inputs; use the one of the run's
A3: workflow). Stata copies this template into the run folder and fills the sheet
A4: 'manifest' and one sheet per export table (weight_stages, response_classes, calibration_fit, weight_groups, flags, ...) from the same
A5: CSV files that the dashboard reads. Nothing in this workbook recalculates a statistic: every value on the Weights sheet is a reference
A6: or a lookup into those sheets, and every chart plots a column of them.
A8: Formulas used, the complete list: IF, IFERROR, INDEX, MATCH, COUNTIF, COUNTA, NA. IF only blanks out empty rows; IFERROR, INDEX and MATCH
A9: fetch a value from the manifest; COUNTIF and COUNTA count exported rows; NA() keeps a point off a scatter chart (the map helper
A10: columns U to X of the Sampling, Frame and Listing sheets). No division, multiplication, power, RAND, PERCENTILE, STDEV, Solver or
A11: Analysis ToolPak anywhere. tests/check_display.py reads every formula and fails on any other function.
A13: Rounding: values are stored exactly as exported; number formats show three decimals (counts as integers).
A14: 'not in this export' means the step did not produce that value or table.
... A18: sheets of the same name, or paste the CSV contents into them; the Weights sheet then shows them. Nothing leaves this computer.

Sheet manifest
A1: key | B1: value

Sheet frame_units
A1: unit_id | B1: stratum | C1: unit | D1: size | E1: x | F1: y | G1: flag

Sheet frame_summary
A1: stratum | B1: n_units | C1: size_sum | D1: size_min | E1: size_p50 | F1: size_max | G1: n_flagged

Sheet boundaries
A1: polygon_id | B1: part | C1: vertex | D1: x | E1: y

Sheet listing_areas
A1: area_id | B1: stratum | C1: expected | D1: listed | E1: eligible | F1: ratio | G1: segments | H1: segment_selected | I1: flag

Sheet listing_checks
A1: check | B1: n | C1: status | D1: detail

Sheet size
A1: domain | B1: p | C1: margin | D1: deff | E1: nonresponse | F1: attrition | G1: rounds | H1: n_effective | I1: n_final

Sheet allocation
A1: stratum | B1: n_units | C1: size_sum | D1: share | E1: n_planned | F1: n_min | G1: n_max | H1: n_final | I1: sampling_fraction

Sheet selection
A1: unit_id | B1: stratum | C1: size | D1: order | E1: key | F1: cum_size | G1: selection_number | H1: selected | I1: reserve | J1: rank | K1: prob | L1: weight | M1: x | N1: y

Sheet draw_summary
A1: stratum | B1: n_units | C1: n_selected | D1: n_reserve | E1: prob_min | F1: prob_max | G1: interval | H1: random_start

Sheet weight_stages
A1: stage | B1: variable | C1: n | D1: sum | E1: min | F1: p1 | G1: p5 | H1: p25 | I1: p50 | J1: p75 | K1: p95 | L1: p99 | M1: max | N1: mean | O1: cv | P1: kish_deff | Q1: n_trimmed | R1: n_zero

Sheet weight_groups
A1: stage | B1: variable | C1: group_var | D1: group | E1: n | F1: sum | G1: mean | H1: cv

Sheet response_classes
A1: class_var | B1: class | C1: n_sample | D1: n_respondents | E1: response_rate | F1: factor

Sheet calibration_fit
A1: constraint | B1: target | C1: before | D1: after | E1: diff | F1: rel_diff | G1: converged | H1: iterations

Sheet weight_units
A1: unit_id | B1: stratum | C1: psu | D1: flag

Sheet flags
A1: table | B1: unit_id | C1: stage | D1: value | E1: reason

Sheet replacements
A1: unit_id | B1: candidate_id | C1: rank | D1: distance | E1: stratum | F1: adjacency

Sheet input_checks
A1: sheet | B1: row | C1: column | D1: severity | E1: problem
